date,close
2026-02-09 00:00:00+00:00,0.20559898018836975
2026-02-09 00:15:00+00:00,0.2051895707845688
2026-02-09 00:30:00+00:00,0.20432424545288086
2026-02-09 00:45:00+00:00,0.20561639964580536
2026-02-09 01:00:00+00:00,0.20567966997623444
2026-02-09 01:15:00+00:00,0.2074139416217804
2026-02-09 01:30:00+00:00,0.2061046063899994
2026-02-09 01:45:00+00:00,0.20640869438648224
2026-02-09 02:00:00+00:00,0.20563577115535736
2026-02-09 02:15:00+00:00,0.20558929443359375
2026-02-09 02:30:00+00:00,0.20794910192489624
2026-02-09 02:45:00+00:00,0.20766976475715637
2026-02-09 03:00:00+00:00,0.208039328455925
2026-02-09 03:15:00+00:00,0.2080760896205902
2026-02-09 03:30:00+00:00,0.21047437191009521
2026-02-09 03:45:00+00:00,0.21086236834526062
2026-02-09 04:00:00+00:00,0.2099975198507309
2026-02-09 04:15:00+00:00,0.2101960927248001
2026-02-09 04:30:00+00:00,0.20975449681282043
2026-02-09 04:45:00+00:00,0.20942328870296478
2026-02-09 05:00:00+00:00,0.20921368896961212
2026-02-09 05:15:00+00:00,0.20943233370780945
2026-02-09 05:30:00+00:00,0.2098827362060547
2026-02-09 05:45:00+00:00,0.20945723354816437
2026-02-09 06:00:00+00:00,0.20819035172462463
2026-02-09 06:15:00+00:00,0.20714055001735687
2026-02-09 06:30:00+00:00,0.2074979543685913
2026-02-09 06:45:00+00:00,0.20793269574642181
2026-02-09 07:00:00+00:00,0.20751456916332245
2026-02-09 07:15:00+00:00,0.20747889578342438
2026-02-09 07:30:00+00:00,0.2064570039510727
2026-02-09 07:45:00+00:00,0.20638731122016907
2026-02-09 08:00:00+00:00,0.20637504756450653
2026-02-09 08:15:00+00:00,0.20592594146728516
2026-02-09 08:30:00+00:00,0.2053459882736206
2026-02-09 08:45:00+00:00,0.20517486333847046
2026-02-09 09:00:00+00:00,0.20447148382663727
2026-02-09 09:15:00+00:00,0.20344440639019012
2026-02-09 09:30:00+00:00,0.20291917026042938
2026-02-09 09:45:00+00:00,0.20301216840744019
2026-02-09 10:00:00+00:00,0.2032611221075058
2026-02-09 10:15:00+00:00,0.20147491991519928
2026-02-09 10:30:00+00:00,0.19984328746795654
2026-02-09 10:45:00+00:00,0.201019749045372
2026-02-09 11:00:00+00:00,0.20267078280448914
2026-02-09 11:15:00+00:00,0.2023613452911377
2026-02-09 11:30:00+00:00,0.2023017406463623
2026-02-09 11:45:00+00:00,0.2016744166612625
2026-02-09 12:00:00+00:00,0.20243370532989502
2026-02-09 12:15:00+00:00,0.2027333676815033
2026-02-09 12:30:00+00:00,0.20326431095600128
2026-02-09 12:45:00+00:00,0.20244921743869781
2026-02-09 13:00:00+00:00,0.2030663788318634
2026-02-09 13:15:00+00:00,0.20271791517734528
2026-02-09 13:30:00+00:00,0.20242592692375183
2026-02-09 13:45:00+00:00,0.20130577683448792
2026-02-09 14:00:00+00:00,0.20048856735229492
2026-02-09 14:15:00+00:00,0.2006872147321701
2026-02-09 14:30:00+00:00,0.20239786803722382
2026-02-09 14:45:00+00:00,0.20237621665000916
2026-02-09 15:00:00+00:00,0.20257705450057983
2026-02-09 15:15:00+00:00,0.1997077763080597
2026-02-09 15:30:00+00:00,0.20233282446861267
2026-02-09 15:45:00+00:00,0.20283286273479462
2026-02-09 16:00:00+00:00,0.20151939988136292
2026-02-09 16:15:00+00:00,0.20278024673461914
2026-02-09 16:30:00+00:00,0.203224316239357
2026-02-09 16:45:00+00:00,0.20477895438671112
2026-02-09 17:00:00+00:00,0.20439161360263824
2026-02-09 17:15:00+00:00,0.20385660231113434
2026-02-09 17:30:00+00:00,0.20699989795684814
2026-02-09 17:45:00+00:00,0.20679529011249542
2026-02-09 18:00:00+00:00,0.2063046097755432
2026-02-09 18:15:00+00:00,0.2040276974439621
2026-02-09 18:30:00+00:00,0.20434583723545074
2026-02-09 18:45:00+00:00,0.2040930986404419
2026-02-09 19:00:00+00:00,0.20400404930114746
2026-02-09 19:15:00+00:00,0.20439882576465607
2026-02-09 19:30:00+00:00,0.2052660584449768
2026-02-09 19:45:00+00:00,0.20533205568790436
2026-02-09 20:00:00+00:00,0.20458510518074036
2026-02-09 20:15:00+00:00,0.20343685150146484
2026-02-09 20:30:00+00:00,0.20420631766319275
2026-02-09 20:45:00+00:00,0.20421744883060455
2026-02-09 21:00:00+00:00,0.20407123863697052
2026-02-09 21:15:00+00:00,0.20428232848644257
2026-02-09 21:30:00+00:00,0.20275075733661652
2026-02-09 21:45:00+00:00,0.2044486254453659
2026-02-09 22:00:00+00:00,0.20499838888645172
2026-02-09 22:15:00+00:00,0.20481573045253754
2026-02-09 22:30:00+00:00,0.20458398759365082
2026-02-09 22:45:00+00:00,0.20473991334438324
2026-02-09 23:00:00+00:00,0.20514699816703796
2026-02-09 23:15:00+00:00,0.20447681844234467
2026-02-09 23:30:00+00:00,0.20440879464149475
2026-02-09 23:45:00+00:00,0.20332379639148712
2026-02-10 00:00:00+00:00,0.2027442306280136
2026-02-10 00:15:00+00:00,0.20292674005031586
2026-02-10 00:30:00+00:00,0.20299158990383148
2026-02-10 00:45:00+00:00,0.20299185812473297
2026-02-10 01:00:00+00:00,0.20356176793575287
2026-02-10 01:15:00+00:00,0.20428875088691711
2026-02-10 01:30:00+00:00,0.20510493218898773
2026-02-10 01:45:00+00:00,0.20519137382507324
2026-02-10 02:00:00+00:00,0.20458701252937317
2026-02-10 02:15:00+00:00,0.20456494390964508
2026-02-10 02:30:00+00:00,0.20395715534687042
2026-02-10 02:45:00+00:00,0.20411047339439392
2026-02-10 03:00:00+00:00,0.20295904576778412
2026-02-10 03:15:00+00:00,0.2011384814977646
2026-02-10 03:30:00+00:00,0.20048277080059052
2026-02-10 03:45:00+00:00,0.20104219019412994
2026-02-10 04:00:00+00:00,0.20202817022800446
2026-02-10 04:15:00+00:00,0.20221012830734253
2026-02-10 04:30:00+00:00,0.20197607576847076
2026-02-10 04:45:00+00:00,0.20250026881694794
2026-02-10 05:00:00+00:00,0.2022300511598587
2026-02-10 05:15:00+00:00,0.2019970864057541
2026-02-10 05:30:00+00:00,0.2019931524991989
2026-02-10 05:45:00+00:00,0.20095199346542358
2026-02-10 06:00:00+00:00,0.2006921023130417
2026-02-10 06:15:00+00:00,0.19975920021533966
2026-02-10 06:30:00+00:00,0.19873420894145966
2026-02-10 06:45:00+00:00,0.19696533679962158
2026-02-10 07:00:00+00:00,0.19877339899539948
2026-02-10 07:15:00+00:00,0.1985209435224533
2026-02-10 07:30:00+00:00,0.19860365986824036
2026-02-10 07:45:00+00:00,0.1986478716135025
2026-02-10 08:00:00+00:00,0.19900687038898468
2026-02-10 08:15:00+00:00,0.1992586851119995
2026-02-10 08:30:00+00:00,0.19975176453590393
2026-02-10 08:45:00+00:00,0.19961246848106384
2026-02-10 09:00:00+00:00,0.2002696543931961
2026-02-10 09:15:00+00:00,0.20030692219734192
2026-02-10 09:30:00+00:00,0.20010006427764893
2026-02-10 09:45:00+00:00,0.1999422162771225
2026-02-10 10:00:00+00:00,0.1999908685684204
2026-02-10 10:15:00+00:00,0.20072291791439056
2026-02-10 10:30:00+00:00,0.20011742413043976
2026-02-10 10:45:00+00:00,0.2003791779279709
2026-02-10 11:00:00+00:00,0.20035074651241302
2026-02-10 11:15:00+00:00,0.2003648579120636
2026-02-10 11:30:00+00:00,0.20000441372394562
2026-02-10 11:45:00+00:00,0.19923707842826843
2026-02-10 12:00:00+00:00,0.1991698294878006
2026-02-10 12:15:00+00:00,0.19923587143421173
2026-02-10 12:30:00+00:00,0.19915245473384857
2026-02-10 12:45:00+00:00,0.19931389391422272
2026-02-10 13:00:00+00:00,0.1996717005968094
2026-02-10 13:15:00+00:00,0.19938404858112335
2026-02-10 13:30:00+00:00,0.2003546804189682
2026-02-10 13:45:00+00:00,0.20034052431583405
2026-02-10 14:00:00+00:00,0.20016559958457947
2026-02-10 14:15:00+00:00,0.2008402794599533
2026-02-10 14:30:00+00:00,0.19949869811534882
2026-02-10 14:45:00+00:00,0.20002539455890656
2026-02-10 15:00:00+00:00,0.20093098282814026
2026-02-10 15:15:00+00:00,0.20233502984046936
2026-02-10 15:30:00+00:00,0.20245185494422913
2026-02-10 15:45:00+00:00,0.20136228203773499
2026-02-10 16:00:00+00:00,0.2010272741317749
2026-02-10 16:15:00+00:00,0.20158469676971436
2026-02-10 16:30:00+00:00,0.20204193890094757
2026-02-10 16:45:00+00:00,0.20154692232608795
2026-02-10 17:00:00+00:00,0.20094218850135803
2026-02-10 17:15:00+00:00,0.2013973593711853
2026-02-10 17:30:00+00:00,0.2018660455942154
2026-02-10 17:45:00+00:00,0.20083342492580414
2026-02-10 18:00:00+00:00,0.19982127845287323
2026-02-10 18:15:00+00:00,0.19853247702121735
2026-02-10 18:30:00+00:00,0.19860200583934784
2026-02-10 18:45:00+00:00,0.19803526997566223
2026-02-10 19:00:00+00:00,0.1971045732498169
2026-02-10 19:15:00+00:00,0.19612830877304077
2026-02-10 19:30:00+00:00,0.1973799169063568
2026-02-10 19:45:00+00:00,0.19710835814476013
2026-02-10 20:00:00+00:00,0.19725453853607178
2026-02-10 20:15:00+00:00,0.19724631309509277
2026-02-10 20:30:00+00:00,0.19742073118686676
2026-02-10 20:45:00+00:00,0.19800522923469543
2026-02-10 21:00:00+00:00,0.19797851145267487
2026-02-10 21:15:00+00:00,0.1979556679725647
2026-02-10 21:30:00+00:00,0.1964537501335144
2026-02-10 21:45:00+00:00,0.1967480182647705
2026-02-10 22:00:00+00:00,0.19675546884536743
2026-02-10 22:15:00+00:00,0.19729912281036377
2026-02-10 22:30:00+00:00,0.19744446873664856
2026-02-10 22:45:00+00:00,0.1967393159866333
2026-02-10 23:00:00+00:00,0.19670972228050232
2026-02-10 23:15:00+00:00,0.19682417809963226
2026-02-10 23:30:00+00:00,0.1973850131034851
2026-02-10 23:45:00+00:00,0.197391539812088
2026-02-11 00:00:00+00:00,0.1974220871925354
2026-02-11 00:15:00+00:00,0.19755636155605316
2026-02-11 00:30:00+00:00,0.19730377197265625
2026-02-11 00:45:00+00:00,0.198049858212471
2026-02-11 01:00:00+00:00,0.19828274846076965
2026-02-11 01:15:00+00:00,0.19845595955848694
2026-02-11 01:30:00+00:00,0.19853290915489197
2026-02-11 01:45:00+00:00,0.19930078089237213
2026-02-11 02:00:00+00:00,0.199532151222229
2026-02-11 02:15:00+00:00,0.20024293661117554
2026-02-11 02:30:00+00:00,0.20038312673568726
2026-02-11 02:45:00+00:00,0.19975970685482025
2026-02-11 03:00:00+00:00,0.19940553605556488
2026-02-11 03:15:00+00:00,0.1994764804840088
2026-02-11 03:30:00+00:00,0.20057335495948792
2026-02-11 03:45:00+00:00,0.19994398951530457
2026-02-11 04:00:00+00:00,0.19944778084754944
2026-02-11 04:15:00+00:00,0.19892634451389313
2026-02-11 04:30:00+00:00,0.19763360917568207
2026-02-11 04:45:00+00:00,0.19726602733135223
2026-02-11 05:00:00+00:00,0.19812843203544617
2026-02-11 05:15:00+00:00,0.1973770707845688
2026-02-11 05:30:00+00:00,0.19746242463588715
2026-02-11 05:45:00+00:00,0.19646736979484558
2026-02-11 06:00:00+00:00,0.19575051963329315
2026-02-11 06:15:00+00:00,0.19518832862377167
2026-02-11 06:30:00+00:00,0.19455154240131378
2026-02-11 06:45:00+00:00,0.1929212510585785
2026-02-11 07:00:00+00:00,0.19344262778759003
2026-02-11 07:15:00+00:00,0.1933952122926712
2026-02-11 07:30:00+00:00,0.19372469186782837
2026-02-11 07:45:00+00:00,0.19336411356925964
2026-02-11 08:00:00+00:00,0.19241587817668915
2026-02-11 08:15:00+00:00,0.19245697557926178
2026-02-11 08:30:00+00:00,0.19253602623939514
2026-02-11 08:45:00+00:00,0.19293750822544098
2026-02-11 09:00:00+00:00,0.19328106939792633
2026-02-11 09:15:00+00:00,0.19320178031921387
2026-02-11 09:30:00+00:00,0.19299539923667908
2026-02-11 09:45:00+00:00,0.1927226185798645
2026-02-11 10:00:00+00:00,0.19256693124771118
2026-02-11 10:15:00+00:00,0.19219514727592468
2026-02-11 10:30:00+00:00,0.19154661893844604
2026-02-11 10:45:00+00:00,0.1915862262248993
2026-02-11 11:00:00+00:00,0.1922697126865387
2026-02-11 11:15:00+00:00,0.19316190481185913
2026-02-11 11:30:00+00:00,0.19333350658416748
2026-02-11 11:45:00+00:00,0.19353994727134705
2026-02-11 12:00:00+00:00,0.19398584961891174
2026-02-11 12:15:00+00:00,0.19538919627666473
2026-02-11 12:30:00+00:00,0.19504272937774658
2026-02-11 12:45:00+00:00,0.1947234570980072
2026-02-11 13:00:00+00:00,0.19441062211990356
2026-02-11 13:15:00+00:00,0.19445854425430298
2026-02-11 13:30:00+00:00,0.19644157588481903
2026-02-11 13:45:00+00:00,0.1966160088777542
2026-02-11 14:00:00+00:00,0.2034996598958969
2026-02-11 14:15:00+00:00,0.2011508345603943
2026-02-11 14:30:00+00:00,0.19718775153160095
2026-02-11 14:45:00+00:00,0.1960461288690567
2026-02-11 15:00:00+00:00,0.1932191699743271
2026-02-11 15:15:00+00:00,0.1932206153869629
2026-02-11 15:30:00+00:00,0.1937359869480133
2026-02-11 15:45:00+00:00,0.19327467679977417
2026-02-11 16:00:00+00:00,0.19497165083885193
2026-02-11 16:15:00+00:00,0.19520626962184906
2026-02-11 16:30:00+00:00,0.19334489107131958
2026-02-11 16:45:00+00:00,0.19204415380954742
2026-02-11 17:00:00+00:00,0.1928248256444931
2026-02-11 17:15:00+00:00,0.19537268579006195
2026-02-11 17:30:00+00:00,0.1956036388874054
2026-02-11 17:45:00+00:00,0.195388063788414
2026-02-11 18:00:00+00:00,0.19366003572940826
2026-02-11 18:15:00+00:00,0.19644507765769958
2026-02-11 18:30:00+00:00,0.19751068949699402
2026-02-11 18:45:00+00:00,0.19764026999473572
2026-02-11 19:00:00+00:00,0.19802823662757874
2026-02-11 19:15:00+00:00,0.19720308482646942
2026-02-11 19:30:00+00:00,0.19720686972141266
2026-02-11 19:45:00+00:00,0.19666530191898346
2026-02-11 20:00:00+00:00,0.19625823199748993
2026-02-11 20:15:00+00:00,0.19588254392147064
2026-02-11 20:30:00+00:00,0.19623130559921265
2026-02-11 20:45:00+00:00,0.1988830268383026
2026-02-11 21:00:00+00:00,0.19940660893917084
2026-02-11 21:15:00+00:00,0.20032218098640442
2026-02-11 21:30:00+00:00,0.20055919885635376
2026-02-11 21:45:00+00:00,0.20019742846488953
2026-02-11 22:00:00+00:00,0.1994551420211792
2026-02-11 22:15:00+00:00,0.19944877922534943
2026-02-11 22:30:00+00:00,0.1995120346546173
2026-02-11 22:45:00+00:00,0.1981775164604187
2026-02-11 23:00:00+00:00,0.19729885458946228
2026-02-11 23:15:00+00:00,0.19643163681030273
2026-02-11 23:30:00+00:00,0.1972368061542511
2026-02-11 23:45:00+00:00,0.19758526980876923
2026-02-12 00:00:00+00:00,0.1994711309671402
2026-02-12 00:15:00+00:00,0.19944514334201813
2026-02-12 00:30:00+00:00,0.20071205496788025
2026-02-12 00:45:00+00:00,0.20049726963043213
2026-02-12 01:00:00+00:00,0.200627863407135
2026-02-12 01:15:00+00:00,0.20227931439876556
2026-02-12 01:30:00+00:00,0.20278753340244293
2026-02-12 01:45:00+00:00,0.20244789123535156
2026-02-12 02:00:00+00:00,0.20222611725330353
2026-02-12 02:15:00+00:00,0.20238134264945984
2026-02-12 02:30:00+00:00,0.20260575413703918
2026-02-12 02:45:00+00:00,0.20246513187885284
2026-02-12 03:00:00+00:00,0.20307010412216187
2026-02-12 03:15:00+00:00,0.2031221240758896
2026-02-12 03:30:00+00:00,0.2035837322473526
2026-02-12 03:45:00+00:00,0.20348912477493286
2026-02-12 04:00:00+00:00,0.20355650782585144
2026-02-12 04:15:00+00:00,0.20364096760749817
2026-02-12 04:30:00+00:00,0.20465940237045288
2026-02-12 04:45:00+00:00,0.2042035311460495
2026-02-12 05:00:00+00:00,0.20415467023849487
2026-02-12 05:15:00+00:00,0.20396459102630615
2026-02-12 05:30:00+00:00,0.20542371273040771
2026-02-12 05:45:00+00:00,0.20579692721366882
2026-02-12 06:00:00+00:00,0.2056856006383896
2026-02-12 06:15:00+00:00,0.20629367232322693
2026-02-12 06:30:00+00:00,0.20681652426719666
2026-02-12 06:45:00+00:00,0.20639538764953613
2026-02-12 07:00:00+00:00,0.20544499158859253
2026-02-12 07:15:00+00:00,0.20604395866394043
2026-02-12 07:30:00+00:00,0.2062290757894516
2026-02-12 07:45:00+00:00,0.2064562737941742
2026-02-12 08:00:00+00:00,0.20639240741729736
2026-02-12 08:15:00+00:00,0.20591795444488525
2026-02-12 08:30:00+00:00,0.2054814100265503
2026-02-12 08:45:00+00:00,0.20590947568416595
2026-02-12 09:00:00+00:00,0.20551489293575287
2026-02-12 09:15:00+00:00,0.20540200173854828
2026-02-12 09:30:00+00:00,0.20633743703365326
2026-02-12 09:45:00+00:00,0.20631209015846252
2026-02-12 10:00:00+00:00,0.2063814252614975
2026-02-12 10:15:00+00:00,0.20617073774337769
2026-02-12 10:30:00+00:00,0.20637114346027374
2026-02-12 10:45:00+00:00,0.20761096477508545
2026-02-12 11:00:00+00:00,0.20743323862552643
2026-02-12 11:15:00+00:00,0.20754826068878174
2026-02-12 11:30:00+00:00,0.20692475140094757
2026-02-12 11:45:00+00:00,0.2062683403491974
2026-02-12 12:00:00+00:00,0.20537938177585602
2026-02-12 12:15:00+00:00,0.20514723658561707
2026-02-12 12:30:00+00:00,0.20447596907615662
2026-02-12 12:45:00+00:00,0.20387336611747742
2026-02-12 13:00:00+00:00,0.20376768708229065
2026-02-12 13:15:00+00:00,0.20295405387878418
2026-02-12 13:30:00+00:00,0.20432205498218536
2026-02-12 13:45:00+00:00,0.2036229372024536
2026-02-12 14:00:00+00:00,0.2005639225244522
2026-02-12 14:15:00+00:00,0.2005990445613861
2026-02-12 14:30:00+00:00,0.20182019472122192
2026-02-12 14:45:00+00:00,0.2019631415605545
2026-02-12 15:00:00+00:00,0.20098553597927094
2026-02-12 15:15:00+00:00,0.20256483554840088
2026-02-12 15:30:00+00:00,0.2014930248260498
2026-02-12 15:45:00+00:00,0.2004777044057846
2026-02-12 16:00:00+00:00,0.19821979105472565
2026-02-12 16:15:00+00:00,0.19630040228366852
2026-02-12 16:30:00+00:00,0.19887135922908783
2026-02-12 16:45:00+00:00,0.19737686216831207
2026-02-12 17:00:00+00:00,0.19769395887851715
2026-02-12 17:15:00+00:00,0.19885697960853577
2026-02-12 17:30:00+00:00,0.19959206879138947
2026-02-12 17:45:00+00:00,0.19845835864543915
2026-02-12 18:00:00+00:00,0.19994814693927765
2026-02-12 18:15:00+00:00,0.19888493418693542
2026-02-12 18:30:00+00:00,0.19956718385219574
2026-02-12 18:45:00+00:00,0.19956645369529724
2026-02-12 19:00:00+00:00,0.1987549513578415
2026-02-12 19:15:00+00:00,0.20152686536312103
2026-02-12 19:30:00+00:00,0.2018912136554718
2026-02-12 19:45:00+00:00,0.20053839683532715
2026-02-12 20:00:00+00:00,0.19908833503723145
2026-02-12 20:15:00+00:00,0.1991426795721054
2026-02-12 20:30:00+00:00,0.1993417590856552
2026-02-12 20:45:00+00:00,0.19845156371593475
2026-02-12 21:00:00+00:00,0.19913339614868164
2026-02-12 21:15:00+00:00,0.19878090918064117
2026-02-12 21:30:00+00:00,0.1991438865661621
2026-02-12 21:45:00+00:00,0.19920526444911957
2026-02-12 22:00:00+00:00,0.19926199316978455
2026-02-12 22:15:00+00:00,0.1991434395313263
2026-02-12 22:30:00+00:00,0.20026202499866486
2026-02-12 22:45:00+00:00,0.20164179801940918
2026-02-12 23:00:00+00:00,0.20291383564472198
2026-02-12 23:15:00+00:00,0.20326024293899536
2026-02-12 23:30:00+00:00,0.20323534309864044
2026-02-12 23:45:00+00:00,0.20328472554683685
2026-02-13 00:00:00+00:00,0.20387563109397888
2026-02-13 00:15:00+00:00,0.20230816304683685
2026-02-13 00:30:00+00:00,0.20083454251289368
2026-02-13 00:45:00+00:00,0.20103223621845245
2026-02-13 01:00:00+00:00,0.20174407958984375
2026-02-13 01:15:00+00:00,0.20104068517684937
2026-02-13 01:30:00+00:00,0.2020319402217865
2026-02-13 01:45:00+00:00,0.20158161222934723
2026-02-13 02:00:00+00:00,0.20141109824180603
2026-02-13 02:15:00+00:00,0.20143696665763855
2026-02-13 02:30:00+00:00,0.20074689388275146
2026-02-13 02:45:00+00:00,0.20104260742664337
2026-02-13 03:00:00+00:00,0.20023904740810394
2026-02-13 03:15:00+00:00,0.20079560577869415
2026-02-13 03:30:00+00:00,0.20124971866607666
2026-02-13 03:45:00+00:00,0.20038919150829315
2026-02-13 04:00:00+00:00,0.19980913400650024
2026-02-13 04:15:00+00:00,0.19952943921089172
2026-02-13 04:30:00+00:00,0.19961200654506683
2026-02-13 04:45:00+00:00,0.19973014295101166
2026-02-13 05:00:00+00:00,0.19919979572296143
2026-02-13 05:15:00+00:00,0.19930516183376312
2026-02-13 05:30:00+00:00,0.19925515353679657
2026-02-13 05:45:00+00:00,0.1988046020269394
2026-02-13 06:00:00+00:00,0.19870918989181519
2026-02-13 06:15:00+00:00,0.19808605313301086
2026-02-13 06:30:00+00:00,0.19841435551643372
2026-02-13 06:45:00+00:00,0.1991678923368454
2026-02-13 07:00:00+00:00,0.19969047605991364
2026-02-13 07:15:00+00:00,0.19996985793113708
2026-02-13 07:30:00+00:00,0.1989542692899704
2026-02-13 07:45:00+00:00,0.1993139088153839
2026-02-13 08:00:00+00:00,0.1998353898525238
2026-02-13 08:15:00+00:00,0.2004406899213791
2026-02-13 08:30:00+00:00,0.2004866749048233
2026-02-13 08:45:00+00:00,0.20083408057689667
2026-02-13 09:00:00+00:00,0.20021820068359375
2026-02-13 09:15:00+00:00,0.19986020028591156
2026-02-13 09:30:00+00:00,0.1999790221452713
2026-02-13 09:45:00+00:00,0.19996365904808044
2026-02-13 10:00:00+00:00,0.20010589063167572
2026-02-13 10:15:00+00:00,0.20034940540790558
2026-02-13 10:30:00+00:00,0.20030729472637177
2026-02-13 10:45:00+00:00,0.20019741356372833
2026-02-13 11:00:00+00:00,0.1993209570646286
2026-02-13 11:15:00+00:00,0.1994078904390335
2026-02-13 11:30:00+00:00,0.19947287440299988
2026-02-13 11:45:00+00:00,0.1995254009962082
2026-02-13 12:00:00+00:00,0.19869978725910187
2026-02-13 12:15:00+00:00,0.19859088957309723
2026-02-13 12:30:00+00:00,0.19830475747585297
2026-02-13 12:45:00+00:00,0.1984218806028366
2026-02-13 13:00:00+00:00,0.19807910919189453
2026-02-13 13:15:00+00:00,0.1992403268814087
2026-02-13 13:30:00+00:00,0.19933348894119263
2026-02-13 13:45:00+00:00,0.19993022084236145
2026-02-13 14:00:00+00:00,0.19924767315387726
2026-02-13 14:15:00+00:00,0.1993349939584732
2026-02-13 14:30:00+00:00,0.19971296191215515
2026-02-13 14:45:00+00:00,0.20057173073291779
2026-02-13 15:00:00+00:00,0.2032611072063446
2026-02-13 15:15:00+00:00,0.20479130744934082
2026-02-13 15:30:00+00:00,0.20533178746700287
2026-02-13 15:45:00+00:00,0.2042173445224762
2026-02-13 16:00:00+00:00,0.20608249306678772
2026-02-13 16:15:00+00:00,0.20674987137317657
2026-02-13 16:30:00+00:00,0.2095251977443695
2026-02-13 16:45:00+00:00,0.2098744809627533
2026-02-13 17:00:00+00:00,0.2082577496767044
2026-02-13 17:15:00+00:00,0.20919169485569
2026-02-13 17:30:00+00:00,0.20905637741088867
2026-02-13 17:45:00+00:00,0.20910394191741943
2026-02-13 18:00:00+00:00,0.2091718316078186
2026-02-13 18:15:00+00:00,0.20957165956497192
2026-02-13 18:30:00+00:00,0.2093248814344406
2026-02-13 18:45:00+00:00,0.21002677083015442
2026-02-13 19:00:00+00:00,0.2100738286972046
2026-02-13 19:15:00+00:00,0.20952612161636353
2026-02-13 19:30:00+00:00,0.2082964926958084
2026-02-13 19:45:00+00:00,0.20841744542121887
2026-02-13 20:00:00+00:00,0.20830361545085907
2026-02-13 20:15:00+00:00,0.20822715759277344
2026-02-13 20:30:00+00:00,0.20855295658111572
2026-02-13 20:45:00+00:00,0.20837682485580444
2026-02-13 21:00:00+00:00,0.20916074514389038
2026-02-13 21:15:00+00:00,0.20889051258563995
2026-02-13 21:30:00+00:00,0.20832990109920502
2026-02-13 21:45:00+00:00,0.20843932032585144
2026-02-13 22:00:00+00:00,0.2084638774394989
2026-02-13 22:15:00+00:00,0.20754458010196686
2026-02-13 22:30:00+00:00,0.2081923633813858
2026-02-13 22:45:00+00:00,0.20813293755054474
2026-02-13 23:00:00+00:00,0.20838643610477448
2026-02-13 23:15:00+00:00,0.208266481757164
2026-02-13 23:30:00+00:00,0.20828962326049805
2026-02-13 23:45:00+00:00,0.2084316611289978
2026-02-14 00:00:00+00:00,0.2080233097076416
2026-02-14 00:15:00+00:00,0.2082432359457016
2026-02-14 00:30:00+00:00,0.20951104164123535
2026-02-14 00:45:00+00:00,0.2102360725402832
2026-02-14 01:00:00+00:00,0.20950405299663544
2026-02-14 01:15:00+00:00,0.20947609841823578
2026-02-14 01:30:00+00:00,0.2094576507806778
2026-02-14 01:45:00+00:00,0.2105226218700409
2026-02-14 02:00:00+00:00,0.21055756509304047
2026-02-14 02:15:00+00:00,0.21081170439720154
2026-02-14 02:30:00+00:00,0.2112353891134262
2026-02-14 02:45:00+00:00,0.21121567487716675
2026-02-14 03:00:00+00:00,0.21131397783756256
2026-02-14 03:15:00+00:00,0.2114146500825882
2026-02-14 03:30:00+00:00,0.21189838647842407
2026-02-14 03:45:00+00:00,0.2114303708076477
2026-02-14 04:00:00+00:00,0.2111445814371109
2026-02-14 04:15:00+00:00,0.2106063961982727
2026-02-14 04:30:00+00:00,0.210535928606987
2026-02-14 04:45:00+00:00,0.21033315360546112
2026-02-14 05:00:00+00:00,0.21002615988254547
2026-02-14 05:15:00+00:00,0.2103412002325058
2026-02-14 05:30:00+00:00,0.2096164971590042
2026-02-14 05:45:00+00:00,0.20917482674121857
2026-02-14 06:00:00+00:00,0.20856454968452454
2026-02-14 06:15:00+00:00,0.20851841568946838
2026-02-14 06:30:00+00:00,0.2092025727033615
2026-02-14 06:45:00+00:00,0.20925547182559967
2026-02-14 07:00:00+00:00,0.2094217985868454
2026-02-14 07:15:00+00:00,0.2095269411802292
2026-02-14 07:30:00+00:00,0.20956537127494812
2026-02-14 07:45:00+00:00,0.21030107140541077
2026-02-14 08:00:00+00:00,0.21126794815063477
2026-02-14 08:15:00+00:00,0.21063385903835297
2026-02-14 08:30:00+00:00,0.21132466197013855
2026-02-14 08:45:00+00:00,0.21234187483787537
2026-02-14 09:00:00+00:00,0.2123991698026657
2026-02-14 09:15:00+00:00,0.21215523779392242
2026-02-14 09:30:00+00:00,0.21233735978603363
2026-02-14 09:45:00+00:00,0.21244394779205322
2026-02-14 10:00:00+00:00,0.2115681767463684
2026-02-14 10:15:00+00:00,0.21139736473560333
2026-02-14 10:30:00+00:00,0.2113124430179596
2026-02-14 10:45:00+00:00,0.21143917739391327
2026-02-14 11:00:00+00:00,0.21159829199314117
2026-02-14 11:15:00+00:00,0.21461565792560577
2026-02-14 11:30:00+00:00,0.2143232822418213
2026-02-14 11:45:00+00:00,0.21446625888347626
2026-02-14 12:00:00+00:00,0.2144763171672821
2026-02-14 12:15:00+00:00,0.2149513065814972
2026-02-14 12:30:00+00:00,0.21419033408164978
2026-02-14 12:45:00+00:00,0.21340087056159973
2026-02-14 13:00:00+00:00,0.21245507895946503
2026-02-14 13:15:00+00:00,0.21174971759319305
2026-02-14 13:30:00+00:00,0.21214818954467773
2026-02-14 13:45:00+00:00,0.212661474943161
2026-02-14 14:00:00+00:00,0.21310918033123016
2026-02-14 14:15:00+00:00,0.2130603790283203
2026-02-14 14:30:00+00:00,0.21357302367687225
2026-02-14 14:45:00+00:00,0.21499453485012054
2026-02-14 15:00:00+00:00,0.21506182849407196
2026-02-14 15:15:00+00:00,0.21532802283763885
2026-02-14 15:30:00+00:00,0.21541470289230347
2026-02-14 15:45:00+00:00,0.21618260443210602
2026-02-14 16:00:00+00:00,0.21693634986877441
2026-02-14 16:15:00+00:00,0.21642433106899261
2026-02-14 16:30:00+00:00,0.21761663258075714
2026-02-14 16:45:00+00:00,0.2182539701461792
2026-02-14 17:00:00+00:00,0.218268021941185
2026-02-14 17:15:00+00:00,0.2192234992980957
2026-02-14 17:30:00+00:00,0.2182767540216446
2026-02-14 17:45:00+00:00,0.21769987046718597
2026-02-14 18:00:00+00:00,0.2179621458053589
2026-02-14 18:15:00+00:00,0.21771393716335297
2026-02-14 18:30:00+00:00,0.21788837015628815
2026-02-14 18:45:00+00:00,0.21814125776290894
2026-02-14 19:00:00+00:00,0.21851517260074615
2026-02-14 19:15:00+00:00,0.2191864401102066
2026-02-14 19:30:00+00:00,0.2201463282108307
2026-02-14 19:45:00+00:00,0.2210451066493988
2026-02-14 20:00:00+00:00,0.22037698328495026
2026-02-14 20:15:00+00:00,0.22012175619602203
2026-02-14 20:30:00+00:00,0.2194192111492157
2026-02-14 20:45:00+00:00,0.21935789287090302
2026-02-14 21:00:00+00:00,0.22122253477573395
2026-02-14 21:15:00+00:00,0.22071781754493713
2026-02-14 21:30:00+00:00,0.21897673606872559
2026-02-14 21:45:00+00:00,0.21902604401111603
2026-02-14 22:00:00+00:00,0.22089120745658875
2026-02-14 22:15:00+00:00,0.22052884101867676
2026-02-14 22:30:00+00:00,0.22222399711608887
2026-02-14 22:45:00+00:00,0.22172962129116058
2026-02-14 23:00:00+00:00,0.2204071283340454
2026-02-14 23:15:00+00:00,0.21914388239383698
2026-02-14 23:30:00+00:00,0.21918600797653198
2026-02-14 23:45:00+00:00,0.2192571610212326
2026-02-15 00:00:00+00:00,0.2182042896747589
2026-02-15 00:15:00+00:00,0.21765556931495667
2026-02-15 00:30:00+00:00,0.21744585037231445
2026-02-15 00:45:00+00:00,0.21797069907188416
2026-02-15 01:00:00+00:00,0.21913345158100128
2026-02-15 01:15:00+00:00,0.21744182705879211
2026-02-15 01:30:00+00:00,0.2177262306213379
2026-02-15 01:45:00+00:00,0.2181307077407837
2026-02-15 02:00:00+00:00,0.2177019864320755
2026-02-15 02:15:00+00:00,0.2165420651435852
2026-02-15 02:30:00+00:00,0.2162378430366516
2026-02-15 02:45:00+00:00,0.2168712615966797
2026-02-15 03:00:00+00:00,0.21649499237537384
2026-02-15 03:15:00+00:00,0.21609994769096375
2026-02-15 03:30:00+00:00,0.21366210281848907
2026-02-15 03:45:00+00:00,0.217024564743042
2026-02-15 04:00:00+00:00,0.2195974588394165
2026-02-15 04:15:00+00:00,0.21765445172786713
2026-02-15 04:30:00+00:00,0.2182699292898178
2026-02-15 04:45:00+00:00,0.21792060136795044
2026-02-15 05:00:00+00:00,0.21835488080978394
2026-02-15 05:15:00+00:00,0.21831385791301727
2026-02-15 05:30:00+00:00,0.21856273710727692
2026-02-15 05:45:00+00:00,0.21834325790405273
2026-02-15 06:00:00+00:00,0.2182382494211197
2026-02-15 06:15:00+00:00,0.21837788820266724
2026-02-15 06:30:00+00:00,0.21825775504112244
2026-02-15 06:45:00+00:00,0.21743012964725494
2026-02-15 07:00:00+00:00,0.2178901880979538
2026-02-15 07:15:00+00:00,0.21818913519382477
2026-02-15 07:30:00+00:00,0.21839211881160736
2026-02-15 07:45:00+00:00,0.21759524941444397
2026-02-15 08:00:00+00:00,0.2179671972990036
2026-02-15 08:15:00+00:00,0.2178206443786621
2026-02-15 08:30:00+00:00,0.21435070037841797
2026-02-15 08:45:00+00:00,0.2146877646446228
2026-02-15 09:00:00+00:00,0.21607017517089844
2026-02-15 09:15:00+00:00,0.21548503637313843
2026-02-15 09:30:00+00:00,0.2148219794034958
2026-02-15 09:45:00+00:00,0.215253084897995
2026-02-15 10:00:00+00:00,0.21394652128219604
2026-02-15 10:15:00+00:00,0.21349504590034485
2026-02-15 10:30:00+00:00,0.21347957849502563
2026-02-15 10:45:00+00:00,0.214255690574646
2026-02-15 11:00:00+00:00,0.21443864703178406
2026-02-15 11:15:00+00:00,0.21432645618915558
2026-02-15 11:30:00+00:00,0.21459916234016418
2026-02-15 11:45:00+00:00,0.21439187228679657
2026-02-15 12:00:00+00:00,0.21365134418010712
2026-02-15 12:15:00+00:00,0.21398746967315674
2026-02-15 12:30:00+00:00,0.21330170333385468
2026-02-15 12:45:00+00:00,0.2094237208366394
2026-02-15 13:00:00+00:00,0.20989471673965454
2026-02-15 13:15:00+00:00,0.21001426875591278
2026-02-15 13:30:00+00:00,0.20893388986587524
2026-02-15 13:45:00+00:00,0.20746836066246033
2026-02-15 14:00:00+00:00,0.20822681486606598
2026-02-15 14:15:00+00:00,0.2083856463432312
2026-02-15 14:30:00+00:00,0.20926715433597565
2026-02-15 14:45:00+00:00,0.20962198078632355
2026-02-15 15:00:00+00:00,0.20955076813697815
2026-02-15 15:15:00+00:00,0.20917031168937683
2026-02-15 15:30:00+00:00,0.20904533565044403
2026-02-15 15:45:00+00:00,0.20917606353759766
2026-02-15 16:00:00+00:00,0.20814931392669678
2026-02-15 16:15:00+00:00,0.20914077758789062
2026-02-15 16:30:00+00:00,0.20890425145626068
2026-02-15 16:45:00+00:00,0.20836544036865234
2026-02-15 17:00:00+00:00,0.20847749710083008
2026-02-15 17:15:00+00:00,0.20793582499027252
2026-02-15 17:30:00+00:00,0.2079349011182785
2026-02-15 17:45:00+00:00,0.2057805210351944
2026-02-15 18:00:00+00:00,0.20533543825149536
2026-02-15 18:15:00+00:00,0.2057642638683319
2026-02-15 18:30:00+00:00,0.20392510294914246
2026-02-15 18:45:00+00:00,0.2034940868616104
2026-02-15 19:00:00+00:00,0.20310437679290771
2026-02-15 19:15:00+00:00,0.20467941462993622
2026-02-15 19:30:00+00:00,0.204440176486969
2026-02-15 19:45:00+00:00,0.2052336037158966
2026-02-15 20:00:00+00:00,0.20527352392673492
2026-02-15 20:15:00+00:00,0.2053818255662918
2026-02-15 20:30:00+00:00,0.20583033561706543
2026-02-15 20:45:00+00:00,0.20603519678115845
2026-02-15 21:00:00+00:00,0.2070036232471466
2026-02-15 21:15:00+00:00,0.2070188969373703
2026-02-15 21:30:00+00:00,0.20728053152561188
2026-02-15 21:45:00+00:00,0.2071186602115631
2026-02-15 22:00:00+00:00,0.20715747773647308
2026-02-15 22:15:00+00:00,0.207746222615242
2026-02-15 22:30:00+00:00,0.2082546055316925
2026-02-15 22:45:00+00:00,0.20840324461460114
2026-02-15 23:00:00+00:00,0.20693889260292053
2026-02-15 23:15:00+00:00,0.20743714272975922
2026-02-15 23:30:00+00:00,0.20838093757629395
2026-02-15 23:45:00+00:00,0.2085556834936142
2026-02-16 00:00:00+00:00,0.20887991786003113
2026-02-16 00:15:00+00:00,0.20856700837612152
2026-02-16 00:30:00+00:00,0.20842908322811127
2026-02-16 00:45:00+00:00,0.20805932581424713
2026-02-16 01:00:00+00:00,0.2080758810043335
2026-02-16 01:15:00+00:00,0.2074090838432312
2026-02-16 01:30:00+00:00,0.2067975401878357
2026-02-16 01:45:00+00:00,0.20705251395702362
2026-02-16 02:00:00+00:00,0.20749054849147797
2026-02-16 02:15:00+00:00,0.20707087218761444
2026-02-16 02:30:00+00:00,0.206564262509346
2026-02-16 02:45:00+00:00,0.20635630190372467
2026-02-16 03:00:00+00:00,0.20631104707717896
2026-02-16 03:15:00+00:00,0.20626185834407806
2026-02-16 03:30:00+00:00,0.2066963165998459
2026-02-16 03:45:00+00:00,0.20717455446720123
2026-02-16 04:00:00+00:00,0.2080630362033844
2026-02-16 04:15:00+00:00,0.20837867259979248
2026-02-16 04:30:00+00:00,0.20808877050876617
2026-02-16 04:45:00+00:00,0.20903047919273376
2026-02-16 05:00:00+00:00,0.20820297300815582
2026-02-16 05:15:00+00:00,0.20668698847293854
2026-02-16 05:30:00+00:00,0.20614996552467346
2026-02-16 05:45:00+00:00,0.20649346709251404
2026-02-16 06:00:00+00:00,0.20708824694156647
2026-02-16 06:15:00+00:00,0.2072180062532425
2026-02-16 06:30:00+00:00,0.208303302526474
2026-02-16 06:45:00+00:00,0.2083224207162857
2026-02-16 07:00:00+00:00,0.2077779769897461
2026-02-16 07:15:00+00:00,0.2077876627445221
2026-02-16 07:30:00+00:00,0.20707452297210693
2026-02-16 07:45:00+00:00,0.2073078602552414
2026-02-16 08:00:00+00:00,0.2077932059764862
2026-02-16 08:15:00+00:00,0.2082190066576004
2026-02-16 08:30:00+00:00,0.20771774649620056
2026-02-16 08:45:00+00:00,0.20801420509815216
2026-02-16 09:00:00+00:00,0.20834578573703766
2026-02-16 09:15:00+00:00,0.20822571218013763
2026-02-16 09:30:00+00:00,0.20925083756446838
2026-02-16 09:45:00+00:00,0.2092936486005783
2026-02-16 10:00:00+00:00,0.20926210284233093
2026-02-16 10:15:00+00:00,0.2082168459892273
2026-02-16 10:30:00+00:00,0.20801426470279694
2026-02-16 10:45:00+00:00,0.20801924169063568
2026-02-16 11:00:00+00:00,0.20706285536289215
2026-02-16 11:15:00+00:00,0.20617522299289703
2026-02-16 11:30:00+00:00,0.2071531116962433
2026-02-16 11:45:00+00:00,0.20788873732089996
2026-02-16 12:00:00+00:00,0.2078193575143814
2026-02-16 12:15:00+00:00,0.20918413996696472
2026-02-16 12:30:00+00:00,0.21049314737319946
2026-02-16 12:45:00+00:00,0.21192198991775513
2026-02-16 13:00:00+00:00,0.21193836629390717
2026-02-16 13:15:00+00:00,0.20996223390102386
2026-02-16 13:30:00+00:00,0.20912569761276245
2026-02-16 13:45:00+00:00,0.20790690183639526
2026-02-16 14:00:00+00:00,0.20796239376068115
2026-02-16 14:15:00+00:00,0.20755963027477264
2026-02-16 14:30:00+00:00,0.20867304503917694
2026-02-16 14:45:00+00:00,0.20957496762275696
2026-02-16 15:00:00+00:00,0.2103283703327179
2026-02-16 15:15:00+00:00,0.2085760086774826
2026-02-16 15:30:00+00:00,0.20580478012561798
2026-02-16 15:45:00+00:00,0.20611196756362915
2026-02-16 16:00:00+00:00,0.20790474116802216
2026-02-16 16:15:00+00:00,0.20799121260643005
2026-02-16 16:30:00+00:00,0.20680643618106842
2026-02-16 16:45:00+00:00,0.2074097990989685
2026-02-16 17:00:00+00:00,0.20718106627464294
2026-02-16 17:15:00+00:00,0.20724569261074066
2026-02-16 17:30:00+00:00,0.2082608938217163
2026-02-16 17:45:00+00:00,0.20746231079101562
2026-02-16 18:00:00+00:00,0.20818565785884857
2026-02-16 18:15:00+00:00,0.20826329290866852
2026-02-16 18:30:00+00:00,0.20796933770179749
2026-02-16 18:45:00+00:00,0.20772941410541534
2026-02-16 19:00:00+00:00,0.20780852437019348
2026-02-16 19:15:00+00:00,0.20812073349952698
2026-02-16 19:30:00+00:00,0.20914746820926666
2026-02-16 19:45:00+00:00,0.20914047956466675
2026-02-16 20:00:00+00:00,0.20868422091007233
2026-02-16 20:15:00+00:00,0.2095748484134674
2026-02-16 20:30:00+00:00,0.21038538217544556
2026-02-16 20:45:00+00:00,0.21114470064640045
2026-02-16 21:00:00+00:00,0.21150565147399902
2026-02-16 21:15:00+00:00,0.21222884953022003
2026-02-16 21:30:00+00:00,0.21184222400188446
2026-02-16 21:45:00+00:00,0.2119213342666626
2026-02-16 22:00:00+00:00,0.21204455196857452
2026-02-16 22:15:00+00:00,0.21196399629116058
2026-02-16 22:30:00+00:00,0.21224665641784668
2026-02-16 22:45:00+00:00,0.2120419293642044
2026-02-16 23:00:00+00:00,0.21222427487373352
2026-02-16 23:15:00+00:00,0.212546706199646
2026-02-16 23:30:00+00:00,0.21247224509716034
2026-02-16 23:45:00+00:00,0.2130451500415802
2026-02-17 00:00:00+00:00,0.21239224076271057
2026-02-17 00:15:00+00:00,0.21246206760406494
2026-02-17 00:30:00+00:00,0.21221108734607697
2026-02-17 00:45:00+00:00,0.2127874195575714
2026-02-17 01:00:00+00:00,0.21282736957073212
2026-02-17 01:15:00+00:00,0.2128198742866516
2026-02-17 01:30:00+00:00,0.2126142680644989
2026-02-17 01:45:00+00:00,0.21246162056922913
2026-02-17 02:00:00+00:00,0.21252846717834473
2026-02-17 02:15:00+00:00,0.2128877490758896
2026-02-17 02:30:00+00:00,0.21311046183109283
2026-02-17 02:45:00+00:00,0.2139470875263214
2026-02-17 03:00:00+00:00,0.21275204420089722
2026-02-17 03:15:00+00:00,0.2127954065799713
2026-02-17 03:30:00+00:00,0.2127639800310135
2026-02-17 03:45:00+00:00,0.2121638059616089
2026-02-17 04:00:00+00:00,0.212024986743927
2026-02-17 04:15:00+00:00,0.21311885118484497
2026-02-17 04:30:00+00:00,0.21292182803153992
2026-02-17 04:45:00+00:00,0.21291975677013397
2026-02-17 05:00:00+00:00,0.21303285658359528
2026-02-17 05:15:00+00:00,0.2114228904247284
2026-02-17 05:30:00+00:00,0.2111475020647049
2026-02-17 05:45:00+00:00,0.21099893748760223
2026-02-17 06:00:00+00:00,0.21099160611629486
2026-02-17 06:15:00+00:00,0.21118858456611633
2026-02-17 06:30:00+00:00,0.21140487492084503
2026-02-17 06:45:00+00:00,0.21131250262260437
2026-02-17 07:00:00+00:00,0.21104517579078674
2026-02-17 07:15:00+00:00,0.21100905537605286
2026-02-17 07:30:00+00:00,0.21171894669532776
2026-02-17 07:45:00+00:00,0.21144774556159973
2026-02-17 08:00:00+00:00,0.2121802717447281
2026-02-17 08:15:00+00:00,0.21238365769386292
2026-02-17 08:30:00+00:00,0.21103748679161072
2026-02-17 08:45:00+00:00,0.21134202182292938
2026-02-17 09:00:00+00:00,0.21068266034126282
2026-02-17 09:15:00+00:00,0.21040819585323334
2026-02-17 09:30:00+00:00,0.21045540273189545
2026-02-17 09:45:00+00:00,0.2111729085445404
2026-02-17 10:00:00+00:00,0.2116190493106842
2026-02-17 10:15:00+00:00,0.2101392149925232
2026-02-17 10:30:00+00:00,0.2101706862449646
2026-02-17 10:45:00+00:00,0.21032202243804932
2026-02-17 11:00:00+00:00,0.21109041571617126
2026-02-17 11:15:00+00:00,0.21236813068389893
2026-02-17 11:30:00+00:00,0.21180953085422516
2026-02-17 11:45:00+00:00,0.21186210215091705
2026-02-17 12:00:00+00:00,0.21143119037151337
2026-02-17 12:15:00+00:00,0.21088451147079468
2026-02-17 12:30:00+00:00,0.21123075485229492
2026-02-17 12:45:00+00:00,0.21039263904094696
2026-02-17 13:00:00+00:00,0.2108912169933319
2026-02-17 13:15:00+00:00,0.21153897047042847
2026-02-17 13:30:00+00:00,0.21056266129016876
2026-02-17 13:45:00+00:00,0.211497962474823
2026-02-17 14:00:00+00:00,0.21081645786762238
2026-02-17 14:15:00+00:00,0.21046677231788635
2026-02-17 14:30:00+00:00,0.20948804914951324
2026-02-17 14:45:00+00:00,0.20678409934043884
2026-02-17 15:00:00+00:00,0.20789006352424622
2026-02-17 15:15:00+00:00,0.2076009064912796
2026-02-17 15:30:00+00:00,0.20787987112998962
2026-02-17 15:45:00+00:00,0.20946800708770752
2026-02-17 16:00:00+00:00,0.21192339062690735
2026-02-17 16:15:00+00:00,0.21072381734848022
2026-02-17 16:30:00+00:00,0.21259325742721558
2026-02-17 16:45:00+00:00,0.21098677814006805
2026-02-17 17:00:00+00:00,0.2096731960773468
2026-02-17 17:15:00+00:00,0.20925210416316986
2026-02-17 17:30:00+00:00,0.20783215761184692
2026-02-17 17:45:00+00:00,0.20742014050483704
2026-02-17 18:00:00+00:00,0.20784856379032135
2026-02-17 18:15:00+00:00,0.20954132080078125
2026-02-17 18:30:00+00:00,0.211063951253891
2026-02-17 18:45:00+00:00,0.2109871804714203
2026-02-17 19:00:00+00:00,0.21060265600681305
2026-02-17 19:15:00+00:00,0.20953969657421112
2026-02-17 19:30:00+00:00,0.20842528343200684
2026-02-17 19:45:00+00:00,0.20845407247543335
2026-02-17 20:00:00+00:00,0.20807720720767975
2026-02-17 20:15:00+00:00,0.20785799622535706
2026-02-17 20:30:00+00:00,0.20791201293468475
2026-02-17 20:45:00+00:00,0.2074153572320938
2026-02-17 21:00:00+00:00,0.20761239528656006
2026-02-17 21:15:00+00:00,0.20743878185749054
2026-02-17 21:30:00+00:00,0.20727020502090454
2026-02-17 21:45:00+00:00,0.2074766755104065
2026-02-17 22:00:00+00:00,0.20731715857982635
2026-02-17 22:15:00+00:00,0.20733755826950073
2026-02-17 22:30:00+00:00,0.20739710330963135
2026-02-17 22:45:00+00:00,0.20676878094673157
2026-02-17 23:00:00+00:00,0.2064657211303711
2026-02-17 23:15:00+00:00,0.20669585466384888
2026-02-17 23:30:00+00:00,0.2071383148431778
2026-02-17 23:45:00+00:00,0.2073962390422821
2026-02-18 00:00:00+00:00,0.20727986097335815
2026-02-18 00:15:00+00:00,0.20693443715572357
2026-02-18 00:30:00+00:00,0.20704621076583862
2026-02-18 00:45:00+00:00,0.20632624626159668
2026-02-18 01:00:00+00:00,0.20554834604263306
2026-02-18 01:15:00+00:00,0.2058321088552475
2026-02-18 01:30:00+00:00,0.2054573893547058
2026-02-18 01:45:00+00:00,0.20568837225437164
2026-02-18 02:00:00+00:00,0.2068336457014084
2026-02-18 02:15:00+00:00,0.20675107836723328
2026-02-18 02:30:00+00:00,0.20749972760677338
2026-02-18 02:45:00+00:00,0.20732909440994263
2026-02-18 03:00:00+00:00,0.20743025839328766
2026-02-18 03:15:00+00:00,0.20760026574134827
2026-02-18 03:30:00+00:00,0.20831254124641418
2026-02-18 03:45:00+00:00,0.20837581157684326
2026-02-18 04:00:00+00:00,0.20793597400188446
2026-02-18 04:15:00+00:00,0.2075287252664566
2026-02-18 04:30:00+00:00,0.20749793946743011
2026-02-18 04:45:00+00:00,0.2077399045228958
2026-02-18 05:00:00+00:00,0.2076813280582428
2026-02-18 05:15:00+00:00,0.2077963501214981
2026-02-18 05:30:00+00:00,0.20726297795772552
2026-02-18 05:45:00+00:00,0.20805588364601135
2026-02-18 06:00:00+00:00,0.2083188146352768
2026-02-18 06:15:00+00:00,0.20906510949134827
2026-02-18 06:30:00+00:00,0.20949527621269226
2026-02-18 06:45:00+00:00,0.20875386893749237
2026-02-18 07:00:00+00:00,0.20845571160316467
2026-02-18 07:15:00+00:00,0.20869676768779755
2026-02-18 07:30:00+00:00,0.21042650938034058
2026-02-18 07:45:00+00:00,0.21126367151737213
2026-02-18 08:00:00+00:00,0.2105146199464798
2026-02-18 08:15:00+00:00,0.21114549040794373
2026-02-18 08:30:00+00:00,0.2107570469379425
2026-02-18 08:45:00+00:00,0.20996534824371338
2026-02-18 09:00:00+00:00,0.20993293821811676
2026-02-18 09:15:00+00:00,0.20998071134090424
2026-02-18 09:30:00+00:00,0.20999369025230408
2026-02-18 09:45:00+00:00,0.21005365252494812
2026-02-18 10:00:00+00:00,0.21085400879383087
2026-02-18 10:15:00+00:00,0.21038924157619476
2026-02-18 10:30:00+00:00,0.20997579395771027
2026-02-18 10:45:00+00:00,0.20954565703868866
2026-02-18 11:00:00+00:00,0.20793072879314423
2026-02-18 11:15:00+00:00,0.20813360810279846
2026-02-18 11:30:00+00:00,0.20837152004241943
2026-02-18 11:45:00+00:00,0.20828768610954285
2026-02-18 12:00:00+00:00,0.2084035575389862
2026-02-18 12:15:00+00:00,0.20835277438163757
2026-02-18 12:30:00+00:00,0.20743846893310547
2026-02-18 12:45:00+00:00,0.20760652422904968
2026-02-18 13:00:00+00:00,0.20647680759429932
2026-02-18 13:15:00+00:00,0.20621727406978607
2026-02-18 13:30:00+00:00,0.20597317814826965
2026-02-18 13:45:00+00:00,0.20499368011951447
2026-02-18 14:00:00+00:00,0.20474618673324585
2026-02-18 14:15:00+00:00,0.20456992089748383
2026-02-18 14:30:00+00:00,0.20446419715881348
2026-02-18 14:45:00+00:00,0.204484224319458
2026-02-18 15:00:00+00:00,0.2057054191827774
2026-02-18 15:15:00+00:00,0.20623083412647247
2026-02-18 15:30:00+00:00,0.2090281844139099
2026-02-18 15:45:00+00:00,0.20707447826862335
2026-02-18 16:00:00+00:00,0.20444639027118683
2026-02-18 16:15:00+00:00,0.20482712984085083
2026-02-18 16:30:00+00:00,0.2049398124217987
2026-02-18 16:45:00+00:00,0.2042069286108017
2026-02-18 17:00:00+00:00,0.20547273755073547
2026-02-18 17:15:00+00:00,0.2045346051454544
2026-02-18 17:30:00+00:00,0.20398037135601044
2026-02-18 17:45:00+00:00,0.2038237601518631
2026-02-18 18:00:00+00:00,0.2034047394990921
2026-02-18 18:15:00+00:00,0.2024785876274109
2026-02-18 18:30:00+00:00,0.20130562782287598
2026-02-18 18:45:00+00:00,0.2003450095653534
2026-02-18 19:00:00+00:00,0.20011001825332642
2026-02-18 19:15:00+00:00,0.19830015301704407
2026-02-18 19:30:00+00:00,0.1970563679933548
2026-02-18 19:45:00+00:00,0.19741211831569672
2026-02-18 20:00:00+00:00,0.19740670919418335
2026-02-18 20:15:00+00:00,0.19713592529296875
2026-02-18 20:30:00+00:00,0.1981443464756012
2026-02-18 20:45:00+00:00,0.19748757779598236
2026-02-18 21:00:00+00:00,0.1972811073064804
2026-02-18 21:15:00+00:00,0.1973235309123993
2026-02-18 21:30:00+00:00,0.19831161201000214
2026-02-18 21:45:00+00:00,0.19758284091949463
2026-02-18 22:00:00+00:00,0.1975245475769043
2026-02-18 22:15:00+00:00,0.19747145473957062
2026-02-18 22:30:00+00:00,0.1982443630695343
2026-02-18 22:45:00+00:00,0.19711901247501373
2026-02-18 23:00:00+00:00,0.1973242461681366
2026-02-18 23:15:00+00:00,0.19728606939315796
2026-02-18 23:30:00+00:00,0.19738097488880157
2026-02-18 23:45:00+00:00,0.19737498462200165
2026-02-19 00:00:00+00:00,0.19762031733989716
2026-02-19 00:15:00+00:00,0.19668859243392944
2026-02-19 00:30:00+00:00,0.1967710703611374
2026-02-19 00:45:00+00:00,0.19635818898677826
2026-02-19 01:00:00+00:00,0.19738899171352386
2026-02-19 01:15:00+00:00,0.19800961017608643
2026-02-19 01:30:00+00:00,0.19749566912651062
2026-02-19 01:45:00+00:00,0.19846384227275848
2026-02-19 02:00:00+00:00,0.19907823204994202
2026-02-19 02:15:00+00:00,0.19926267862319946
2026-02-19 02:30:00+00:00,0.19844205677509308
2026-02-19 02:45:00+00:00,0.19872605800628662
2026-02-19 03:00:00+00:00,0.1984388828277588
2026-02-19 03:15:00+00:00,0.19894029200077057
2026-02-19 03:30:00+00:00,0.19865597784519196
2026-02-19 03:45:00+00:00,0.19904348254203796
2026-02-19 04:00:00+00:00,0.19924786686897278
2026-02-19 04:15:00+00:00,0.1990685760974884
2026-02-19 04:30:00+00:00,0.19925767183303833
2026-02-19 04:45:00+00:00,0.19849570095539093
2026-02-19 05:00:00+00:00,0.1985941380262375
2026-02-19 05:15:00+00:00,0.1971244066953659
2026-02-19 05:30:00+00:00,0.1976441890001297
2026-02-19 05:45:00+00:00,0.1980169117450714
2026-02-19 06:00:00+00:00,0.1983112394809723
2026-02-19 06:15:00+00:00,0.1984887421131134
2026-02-19 06:30:00+00:00,0.19860371947288513
2026-02-19 06:45:00+00:00,0.19843970239162445
2026-02-19 07:00:00+00:00,0.19802306592464447
2026-02-19 07:15:00+00:00,0.19798855483531952
2026-02-19 07:30:00+00:00,0.19796162843704224
2026-02-19 07:45:00+00:00,0.19810138642787933
2026-02-19 08:00:00+00:00,0.1972305178642273
2026-02-19 08:15:00+00:00,0.19645288586616516
2026-02-19 08:30:00+00:00,0.19534629583358765
2026-02-19 08:45:00+00:00,0.19549401104450226
2026-02-19 09:00:00+00:00,0.19535702466964722
2026-02-19 09:15:00+00:00,0.19602206349372864
2026-02-19 09:30:00+00:00,0.19597411155700684
2026-02-19 09:45:00+00:00,0.19569364190101624
2026-02-19 10:00:00+00:00,0.19537606835365295
2026-02-19 10:15:00+00:00,0.19571924209594727
2026-02-19 10:30:00+00:00,0.19537658989429474
2026-02-19 10:45:00+00:00,0.1952924281358719
2026-02-19 11:00:00+00:00,0.19542495906352997
2026-02-19 11:15:00+00:00,0.19546790421009064
2026-02-19 11:30:00+00:00,0.19506943225860596
2026-02-19 11:45:00+00:00,0.19459488987922668
2026-02-19 12:00:00+00:00,0.19441258907318115
2026-02-19 12:15:00+00:00,0.19442501664161682
2026-02-19 12:30:00+00:00,0.1944095343351364
2026-02-19 12:45:00+00:00,0.19379785656929016
2026-02-19 13:00:00+00:00,0.19222870469093323
2026-02-19 13:15:00+00:00,0.19168958067893982
2026-02-19 13:30:00+00:00,0.19043073058128357
2026-02-19 13:45:00+00:00,0.19049179553985596
2026-02-19 14:00:00+00:00,0.19133691489696503
2026-02-19 14:15:00+00:00,0.19134698808193207
2026-02-19 14:30:00+00:00,0.19225630164146423
2026-02-19 14:45:00+00:00,0.1927410215139389
2026-02-19 15:00:00+00:00,0.1915196180343628
2026-02-19 15:15:00+00:00,0.19098402559757233
2026-02-19 15:30:00+00:00,0.1914188116788864
2026-02-19 15:45:00+00:00,0.19048643112182617
2026-02-19 16:00:00+00:00,0.1891077160835266
2026-02-19 16:15:00+00:00,0.18969285488128662
2026-02-19 16:30:00+00:00,0.19038404524326324
2026-02-19 16:45:00+00:00,0.1895102709531784
2026-02-19 17:00:00+00:00,0.18985076248645782
2026-02-19 17:15:00+00:00,0.1918371319770813
2026-02-19 17:30:00+00:00,0.19101162254810333
2026-02-19 17:45:00+00:00,0.19026508927345276
2026-02-19 18:00:00+00:00,0.19135217368602753
2026-02-19 18:15:00+00:00,0.1928205043077469
2026-02-19 18:30:00+00:00,0.19268746674060822
2026-02-19 18:45:00+00:00,0.19304780662059784
2026-02-19 19:00:00+00:00,0.19311293959617615
2026-02-19 19:15:00+00:00,0.19255051016807556
2026-02-19 19:30:00+00:00,0.1917845457792282
2026-02-19 19:45:00+00:00,0.19268487393856049
2026-02-19 20:00:00+00:00,0.19244541227817535
2026-02-19 20:15:00+00:00,0.19259013235569
2026-02-19 20:30:00+00:00,0.19260315597057343
2026-02-19 20:45:00+00:00,0.19280852377414703
2026-02-19 21:00:00+00:00,0.19292806088924408
2026-02-19 21:15:00+00:00,0.1928352266550064
2026-02-19 21:30:00+00:00,0.19257795810699463
2026-02-19 21:45:00+00:00,0.1923714280128479
2026-02-19 22:00:00+00:00,0.19232547283172607
2026-02-19 22:15:00+00:00,0.19216467440128326
2026-02-19 22:30:00+00:00,0.19135770201683044
2026-02-19 22:45:00+00:00,0.1921318769454956
2026-02-19 23:00:00+00:00,0.1921018362045288
2026-02-19 23:15:00+00:00,0.19235722720623016
2026-02-19 23:30:00+00:00,0.19248759746551514
2026-02-19 23:45:00+00:00,0.19301173090934753
2026-02-20 00:00:00+00:00,0.193325936794281
2026-02-20 00:15:00+00:00,0.19385217130184174
2026-02-20 00:30:00+00:00,0.19410556554794312
2026-02-20 00:45:00+00:00,0.19417829811573029
2026-02-20 01:00:00+00:00,0.1941806524991989
2026-02-20 01:15:00+00:00,0.19411911070346832
2026-02-20 01:30:00+00:00,0.19460511207580566
2026-02-20 01:45:00+00:00,0.1945606917142868
2026-02-20 02:00:00+00:00,0.19525177776813507
2026-02-20 02:15:00+00:00,0.19502513110637665
2026-02-20 02:30:00+00:00,0.19525545835494995
2026-02-20 02:45:00+00:00,0.19457200169563293
2026-02-20 03:00:00+00:00,0.19445040822029114
2026-02-20 03:15:00+00:00,0.19490468502044678
2026-02-20 03:30:00+00:00,0.1951393187046051
2026-02-20 03:45:00+00:00,0.19455239176750183
2026-02-20 04:00:00+00:00,0.19416747987270355
2026-02-20 04:15:00+00:00,0.19290883839130402
2026-02-20 04:30:00+00:00,0.19340309500694275
2026-02-20 04:45:00+00:00,0.1934163123369217
2026-02-20 05:00:00+00:00,0.19320717453956604
2026-02-20 05:15:00+00:00,0.1932862401008606
2026-02-20 05:30:00+00:00,0.19507873058319092
2026-02-20 05:45:00+00:00,0.19535128772258759
2026-02-20 06:00:00+00:00,0.19482257962226868
2026-02-20 06:15:00+00:00,0.1944873332977295
2026-02-20 06:30:00+00:00,0.1944730281829834
2026-02-20 06:45:00+00:00,0.1948281228542328
2026-02-20 07:00:00+00:00,0.19441930949687958
2026-02-20 07:15:00+00:00,0.1943424642086029
2026-02-20 07:30:00+00:00,0.19377923011779785
2026-02-20 07:45:00+00:00,0.19394683837890625
2026-02-20 08:00:00+00:00,0.19391478598117828
2026-02-20 08:15:00+00:00,0.19372588396072388
2026-02-20 08:30:00+00:00,0.193956196308136
2026-02-20 08:45:00+00:00,0.19407789409160614
2026-02-20 09:00:00+00:00,0.19505833089351654
2026-02-20 09:15:00+00:00,0.19637338817119598
2026-02-20 09:30:00+00:00,0.1962285041809082
2026-02-20 09:45:00+00:00,0.1964368224143982
2026-02-20 10:00:00+00:00,0.19686289131641388
2026-02-20 10:15:00+00:00,0.19703327119350433
2026-02-20 10:30:00+00:00,0.19659006595611572
2026-02-20 10:45:00+00:00,0.19632801413536072
2026-02-20 11:00:00+00:00,0.19590424001216888
2026-02-20 11:15:00+00:00,0.19455765187740326
2026-02-20 11:30:00+00:00,0.1943097710609436
2026-02-20 11:45:00+00:00,0.19433510303497314
2026-02-20 12:00:00+00:00,0.1942295879125595
2026-02-20 12:15:00+00:00,0.1941135674715042
2026-02-20 12:30:00+00:00,0.19403502345085144
2026-02-20 12:45:00+00:00,0.19444096088409424
2026-02-20 13:00:00+00:00,0.1936212033033371
2026-02-20 13:15:00+00:00,0.1924738585948944
2026-02-20 13:30:00+00:00,0.1904318928718567
2026-02-20 13:45:00+00:00,0.19157132506370544
2026-02-20 14:00:00+00:00,0.19205467402935028
2026-02-20 14:15:00+00:00,0.19292230904102325
2026-02-20 14:30:00+00:00,0.19443190097808838
2026-02-20 14:45:00+00:00,0.19448570907115936
2026-02-20 15:00:00+00:00,0.19670285284519196
2026-02-20 15:15:00+00:00,0.19839422404766083
2026-02-20 15:30:00+00:00,0.19605757296085358
2026-02-20 15:45:00+00:00,0.19867512583732605
2026-02-20 16:00:00+00:00,0.20054833590984344
2026-02-20 16:15:00+00:00,0.1996593177318573
2026-02-20 16:30:00+00:00,0.19776052236557007
2026-02-20 16:45:00+00:00,0.19868895411491394
2026-02-20 17:00:00+00:00,0.19652393460273743
2026-02-20 17:15:00+00:00,0.19500108063220978
2026-02-20 17:30:00+00:00,0.19661030173301697
2026-02-20 17:45:00+00:00,0.19893500208854675
2026-02-20 18:00:00+00:00,0.1985335499048233
2026-02-20 18:15:00+00:00,0.1982535868883133
2026-02-20 18:30:00+00:00,0.19864346086978912
2026-02-20 18:45:00+00:00,0.19805657863616943
2026-02-20 19:00:00+00:00,0.19773593544960022
2026-02-20 19:15:00+00:00,0.19754739105701447
2026-02-20 19:30:00+00:00,0.1980559527873993
2026-02-20 19:45:00+00:00,0.1974765807390213
2026-02-20 20:00:00+00:00,0.1975182592868805
2026-02-20 20:15:00+00:00,0.1965206265449524
2026-02-20 20:30:00+00:00,0.19680580496788025
2026-02-20 20:45:00+00:00,0.1967860609292984
2026-02-20 21:00:00+00:00,0.19682545959949493
2026-02-20 21:15:00+00:00,0.19679078459739685
2026-02-20 21:30:00+00:00,0.1970519870519638
2026-02-20 21:45:00+00:00,0.1972396820783615
2026-02-20 22:00:00+00:00,0.19698117673397064
2026-02-20 22:15:00+00:00,0.1971983015537262
2026-02-20 22:30:00+00:00,0.19745369255542755
2026-02-20 22:45:00+00:00,0.19734720885753632
2026-02-20 23:00:00+00:00,0.1973741203546524
2026-02-20 23:15:00+00:00,0.19734099507331848
2026-02-20 23:30:00+00:00,0.19696085155010223
2026-02-20 23:45:00+00:00,0.19715768098831177
2026-02-21 00:00:00+00:00,0.1973833590745926
2026-02-21 00:15:00+00:00,0.19727501273155212
2026-02-21 00:30:00+00:00,0.19709476828575134
2026-02-21 00:45:00+00:00,0.19682879745960236
2026-02-21 01:00:00+00:00,0.19668662548065186
2026-02-21 01:15:00+00:00,0.19638802111148834
2026-02-21 01:30:00+00:00,0.19608430564403534
2026-02-21 01:45:00+00:00,0.19601520895957947
2026-02-21 02:00:00+00:00,0.1956101804971695
2026-02-21 02:15:00+00:00,0.1959492564201355
2026-02-21 02:30:00+00:00,0.19675113260746002
2026-02-21 02:45:00+00:00,0.19642795622348785
2026-02-21 03:00:00+00:00,0.19528181850910187
2026-02-21 03:15:00+00:00,0.1952802538871765
2026-02-21 03:30:00+00:00,0.19494765996932983
2026-02-21 03:45:00+00:00,0.19462920725345612
2026-02-21 04:00:00+00:00,0.19449308514595032
2026-02-21 04:15:00+00:00,0.19451652467250824
2026-02-21 04:30:00+00:00,0.19437798857688904
2026-02-21 04:45:00+00:00,0.19460609555244446
2026-02-21 05:00:00+00:00,0.19529303908348083
2026-02-21 05:15:00+00:00,0.19545526802539825
2026-02-21 05:30:00+00:00,0.19547390937805176
2026-02-21 05:45:00+00:00,0.19519460201263428
2026-02-21 06:00:00+00:00,0.19538012146949768
2026-02-21 06:15:00+00:00,0.1954040825366974
2026-02-21 06:30:00+00:00,0.1945565789937973
2026-02-21 06:45:00+00:00,0.19423808157444
2026-02-21 07:00:00+00:00,0.1940518021583557
2026-02-21 07:15:00+00:00,0.19429585337638855
2026-02-21 07:30:00+00:00,0.1950693428516388
2026-02-21 07:45:00+00:00,0.19505621492862701
2026-02-21 08:00:00+00:00,0.19537483155727386
2026-02-21 08:15:00+00:00,0.19543388485908508
2026-02-21 08:30:00+00:00,0.19533443450927734
2026-02-21 08:45:00+00:00,0.19663050770759583
2026-02-21 09:00:00+00:00,0.1970284879207611
2026-02-21 09:15:00+00:00,0.198391854763031
2026-02-21 09:30:00+00:00,0.19813856482505798
2026-02-21 09:45:00+00:00,0.1974937617778778
2026-02-21 10:00:00+00:00,0.19752663373947144
2026-02-21 10:15:00+00:00,0.19832900166511536
2026-02-21 10:30:00+00:00,0.1987316906452179
2026-02-21 10:45:00+00:00,0.1978176236152649
2026-02-21 11:00:00+00:00,0.19795456528663635
2026-02-21 11:15:00+00:00,0.1980060487985611
2026-02-21 11:30:00+00:00,0.19725309312343597
2026-02-21 11:45:00+00:00,0.19699981808662415
2026-02-21 12:00:00+00:00,0.19662021100521088
2026-02-21 12:15:00+00:00,0.1964080035686493
2026-02-21 12:30:00+00:00,0.19613736867904663
2026-02-21 12:45:00+00:00,0.19629311561584473
2026-02-21 13:00:00+00:00,0.19627924263477325
2026-02-21 13:15:00+00:00,0.1964591145515442
2026-02-21 13:30:00+00:00,0.19637878239154816
2026-02-21 13:45:00+00:00,0.19681815803050995
2026-02-21 14:00:00+00:00,0.1968265026807785
2026-02-21 14:15:00+00:00,0.1968545764684677
2026-02-21 14:30:00+00:00,0.19598571956157684
2026-02-21 14:45:00+00:00,0.19586744904518127
2026-02-21 15:00:00+00:00,0.19552788138389587
2026-02-21 15:15:00+00:00,0.19540902972221375
2026-02-21 15:30:00+00:00,0.19558778405189514
2026-02-21 15:45:00+00:00,0.1954587697982788
2026-02-21 16:00:00+00:00,0.19455751776695251
2026-02-21 16:15:00+00:00,0.19419725239276886
2026-02-21 16:30:00+00:00,0.1949712336063385
2026-02-21 16:45:00+00:00,0.19455261528491974
2026-02-21 17:00:00+00:00,0.19441552460193634
2026-02-21 17:15:00+00:00,0.1943359524011612
2026-02-21 17:30:00+00:00,0.19472543895244598
2026-02-21 17:45:00+00:00,0.19449181854724884
2026-02-21 18:00:00+00:00,0.1947031170129776
2026-02-21 18:15:00+00:00,0.1945323795080185
2026-02-21 18:30:00+00:00,0.19447338581085205
2026-02-21 18:45:00+00:00,0.1949847787618637
2026-02-21 19:00:00+00:00,0.1951856017112732
2026-02-21 19:15:00+00:00,0.1946278065443039
2026-02-21 19:30:00+00:00,0.19442178308963776
2026-02-21 19:45:00+00:00,0.19434264302253723
2026-02-21 20:00:00+00:00,0.19427891075611115
2026-02-21 20:15:00+00:00,0.19416755437850952
2026-02-21 20:30:00+00:00,0.19366559386253357
2026-02-21 20:45:00+00:00,0.19298499822616577
2026-02-21 21:00:00+00:00,0.1920061558485031
2026-02-21 21:15:00+00:00,0.19215767085552216
2026-02-21 21:30:00+00:00,0.19235217571258545
2026-02-21 21:45:00+00:00,0.19237253069877625
2026-02-21 22:00:00+00:00,0.1921767145395279
2026-02-21 22:15:00+00:00,0.1922643631696701
2026-02-21 22:30:00+00:00,0.19162526726722717
2026-02-21 22:45:00+00:00,0.19151969254016876
2026-02-21 23:00:00+00:00,0.1910593956708908
2026-02-21 23:15:00+00:00,0.19152888655662537
2026-02-21 23:30:00+00:00,0.19147604703903198
2026-02-21 23:45:00+00:00,0.19136403501033783
2026-02-22 00:00:00+00:00,0.1899617463350296
2026-02-22 00:15:00+00:00,0.18962717056274414
2026-02-22 00:30:00+00:00,0.1889931857585907
2026-02-22 00:45:00+00:00,0.18911267817020416
2026-02-22 01:00:00+00:00,0.18925070762634277
2026-02-22 01:15:00+00:00,0.18927772343158722
2026-02-22 01:30:00+00:00,0.18934525549411774
2026-02-22 01:45:00+00:00,0.1899314671754837
2026-02-22 02:00:00+00:00,0.19036999344825745
2026-02-22 02:15:00+00:00,0.18977439403533936
2026-02-22 02:30:00+00:00,0.18907694518566132
2026-02-22 02:45:00+00:00,0.18861261010169983
2026-02-22 03:00:00+00:00,0.1878579705953598
2026-02-22 03:15:00+00:00,0.1866888850927353
2026-02-22 03:30:00+00:00,0.18736599385738373
2026-02-22 03:45:00+00:00,0.187415212392807
2026-02-22 04:00:00+00:00,0.18727944791316986
2026-02-22 04:15:00+00:00,0.18739962577819824
2026-02-22 04:30:00+00:00,0.18727880716323853
2026-02-22 04:45:00+00:00,0.18744826316833496
2026-02-22 05:00:00+00:00,0.18695960938930511
2026-02-22 05:15:00+00:00,0.18676474690437317
2026-02-22 05:30:00+00:00,0.18634918332099915
2026-02-22 05:45:00+00:00,0.1852991282939911
2026-02-22 06:00:00+00:00,0.18505683541297913
2026-02-22 06:15:00+00:00,0.18554559350013733
2026-02-22 06:30:00+00:00,0.1853705495595932
2026-02-22 06:45:00+00:00,0.18544794619083405
2026-02-22 07:00:00+00:00,0.18544988334178925
2026-02-22 07:15:00+00:00,0.18468327820301056
2026-02-22 07:30:00+00:00,0.18479593098163605
2026-02-22 07:45:00+00:00,0.18448778986930847
2026-02-22 08:00:00+00:00,0.18452522158622742
2026-02-22 08:15:00+00:00,0.18444502353668213
2026-02-22 08:30:00+00:00,0.18434782326221466
2026-02-22 08:45:00+00:00,0.18421420454978943
2026-02-22 09:00:00+00:00,0.18427833914756775
2026-02-22 09:15:00+00:00,0.1845618486404419
2026-02-22 09:30:00+00:00,0.18460285663604736
2026-02-22 09:45:00+00:00,0.18480901420116425
2026-02-22 10:00:00+00:00,0.18476107716560364
2026-02-22 10:15:00+00:00,0.18455597758293152
2026-02-22 10:30:00+00:00,0.18448567390441895
2026-02-22 10:45:00+00:00,0.1846040040254593
2026-02-22 11:00:00+00:00,0.1847744882106781
2026-02-22 11:15:00+00:00,0.184517040848732
2026-02-22 11:30:00+00:00,0.1838378608226776
2026-02-22 11:45:00+00:00,0.18408019840717316
2026-02-22 12:00:00+00:00,0.18262077867984772
2026-02-22 12:15:00+00:00,0.1826339215040207
2026-02-22 12:30:00+00:00,0.18253633379936218
2026-02-22 12:45:00+00:00,0.18275023996829987
2026-02-22 13:00:00+00:00,0.18222689628601074
2026-02-22 13:15:00+00:00,0.18247976899147034
2026-02-22 13:30:00+00:00,0.18242016434669495
2026-02-22 13:45:00+00:00,0.18202459812164307
2026-02-22 14:00:00+00:00,0.18229606747627258
2026-02-22 14:15:00+00:00,0.18221931159496307
2026-02-22 14:30:00+00:00,0.18250299990177155
2026-02-22 14:45:00+00:00,0.1823427975177765
2026-02-22 15:00:00+00:00,0.1821041703224182
2026-02-22 15:15:00+00:00,0.18233180046081543
2026-02-22 15:30:00+00:00,0.18300370872020721
2026-02-22 15:45:00+00:00,0.1830705851316452
2026-02-22 16:00:00+00:00,0.18231625854969025
2026-02-22 16:15:00+00:00,0.1814093142747879
2026-02-22 16:30:00+00:00,0.18135522305965424
2026-02-22 16:45:00+00:00,0.18206265568733215
2026-02-22 17:00:00+00:00,0.18218769133090973
2026-02-22 17:15:00+00:00,0.1821364015340805
2026-02-22 17:30:00+00:00,0.18151254951953888
2026-02-22 17:45:00+00:00,0.18140695989131927
2026-02-22 18:00:00+00:00,0.18133050203323364
2026-02-22 18:15:00+00:00,0.1813197135925293
2026-02-22 18:30:00+00:00,0.18149805068969727
2026-02-22 18:45:00+00:00,0.18111708760261536
2026-02-22 19:00:00+00:00,0.1806398332118988
2026-02-22 19:15:00+00:00,0.18052825331687927
2026-02-22 19:30:00+00:00,0.18038006126880646
2026-02-22 19:45:00+00:00,0.1797913908958435
2026-02-22 20:00:00+00:00,0.17932802438735962
2026-02-22 20:15:00+00:00,0.17949113249778748
2026-02-22 20:30:00+00:00,0.17938438057899475
2026-02-22 20:45:00+00:00,0.17836688458919525
2026-02-22 21:00:00+00:00,0.1784898340702057
2026-02-22 21:15:00+00:00,0.17845837771892548
2026-02-22 21:30:00+00:00,0.17900733649730682
2026-02-22 21:45:00+00:00,0.17954988777637482
2026-02-22 22:00:00+00:00,0.17939980328083038
2026-02-22 22:15:00+00:00,0.18005762994289398
2026-02-22 22:30:00+00:00,0.17997007071971893
2026-02-22 22:45:00+00:00,0.1803612858057022
2026-02-22 23:00:00+00:00,0.18041127920150757
2026-02-22 23:15:00+00:00,0.18031515181064606
2026-02-22 23:30:00+00:00,0.18010883033275604
2026-02-22 23:45:00+00:00,0.1803535670042038
2026-02-23 00:00:00+00:00,0.18040448427200317
2026-02-23 00:15:00+00:00,0.17951154708862305
2026-02-23 00:30:00+00:00,0.17858479917049408
2026-02-23 00:45:00+00:00,0.17902430891990662
2026-02-23 01:00:00+00:00,0.1734476089477539
2026-02-23 01:15:00+00:00,0.17052744328975677
2026-02-23 01:30:00+00:00,0.17149102687835693
2026-02-23 01:45:00+00:00,0.1713511049747467
2026-02-23 02:00:00+00:00,0.1710534542798996
2026-02-23 02:15:00+00:00,0.17159509658813477
2026-02-23 02:30:00+00:00,0.17221218347549438
2026-02-23 02:45:00+00:00,0.17330192029476166
2026-02-23 03:00:00+00:00,0.17451685667037964
2026-02-23 03:15:00+00:00,0.1734756976366043
2026-02-23 03:30:00+00:00,0.17256484925746918
2026-02-23 03:45:00+00:00,0.17311981320381165
2026-02-23 04:00:00+00:00,0.17301911115646362
2026-02-23 04:15:00+00:00,0.17254847288131714
2026-02-23 04:30:00+00:00,0.17254017293453217
2026-02-23 04:45:00+00:00,0.17247886955738068
2026-02-23 05:00:00+00:00,0.17304927110671997
2026-02-23 05:15:00+00:00,0.17366436123847961
2026-02-23 05:30:00+00:00,0.17426787316799164
2026-02-23 05:45:00+00:00,0.17399096488952637
2026-02-23 06:00:00+00:00,0.17596030235290527
2026-02-23 06:15:00+00:00,0.17628584802150726
2026-02-23 06:30:00+00:00,0.1769336313009262
2026-02-23 06:45:00+00:00,0.17728793621063232
2026-02-23 07:00:00+00:00,0.1773539036512375
2026-02-23 07:15:00+00:00,0.17771482467651367
2026-02-23 07:30:00+00:00,0.17845657467842102
2026-02-23 07:45:00+00:00,0.17822393774986267
2026-02-23 08:00:00+00:00,0.17811541259288788
2026-02-23 08:15:00+00:00,0.1784464567899704
2026-02-23 08:30:00+00:00,0.17866569757461548
2026-02-23 08:45:00+00:00,0.17844128608703613
2026-02-23 09:00:00+00:00,0.17929521203041077
2026-02-23 09:15:00+00:00,0.17972438037395477
2026-02-23 09:30:00+00:00,0.18106555938720703
2026-02-23 09:45:00+00:00,0.18190668523311615
2026-02-23 10:00:00+00:00,0.18263167142868042
2026-02-23 10:15:00+00:00,0.18374988436698914
2026-02-23 10:30:00+00:00,0.18359538912773132
2026-02-23 10:45:00+00:00,0.18450821936130524
2026-02-23 11:00:00+00:00,0.18582282960414886
2026-02-23 11:15:00+00:00,0.18551824986934662
2026-02-23 11:30:00+00:00,0.18569226562976837
2026-02-23 11:45:00+00:00,0.18538524210453033
2026-02-23 12:00:00+00:00,0.18774916231632233
2026-02-23 12:15:00+00:00,0.18858306109905243
2026-02-23 12:30:00+00:00,0.19281646609306335
2026-02-23 12:45:00+00:00,0.19196586310863495
2026-02-23 13:00:00+00:00,0.18954746425151825
2026-02-23 13:15:00+00:00,0.18733729422092438
2026-02-23 13:30:00+00:00,0.186512753367424
2026-02-23 13:45:00+00:00,0.18705274164676666
2026-02-23 14:00:00+00:00,0.18816518783569336
2026-02-23 14:15:00+00:00,0.18791411817073822
2026-02-23 14:30:00+00:00,0.18716055154800415
2026-02-23 14:45:00+00:00,0.18704861402511597
2026-02-23 15:00:00+00:00,0.18654915690422058
2026-02-23 15:15:00+00:00,0.18527494370937347
2026-02-23 15:30:00+00:00,0.1856139600276947
2026-02-23 15:45:00+00:00,0.1848568171262741
2026-02-23 16:00:00+00:00,0.18483735620975494
2026-02-23 16:15:00+00:00,0.18731600046157837
2026-02-23 16:30:00+00:00,0.18821103870868683
2026-02-23 16:45:00+00:00,0.185438334941864
2026-02-23 17:00:00+00:00,0.18617233633995056
2026-02-23 17:15:00+00:00,0.18366152048110962
2026-02-23 17:30:00+00:00,0.18328562378883362
2026-02-23 17:45:00+00:00,0.18427659571170807
2026-02-23 18:00:00+00:00,0.18453270196914673
2026-02-23 18:15:00+00:00,0.18299514055252075
2026-02-23 18:30:00+00:00,0.18320143222808838
2026-02-23 18:45:00+00:00,0.18205547332763672
2026-02-23 19:00:00+00:00,0.18160618841648102
2026-02-23 19:15:00+00:00,0.18090404570102692
2026-02-23 19:30:00+00:00,0.18108943104743958
2026-02-23 19:45:00+00:00,0.18110238015651703
2026-02-23 20:00:00+00:00,0.18128769099712372
2026-02-23 20:15:00+00:00,0.1805710643529892
2026-02-23 20:30:00+00:00,0.18132400512695312
2026-02-23 20:45:00+00:00,0.18218472599983215
2026-02-23 21:00:00+00:00,0.1830849051475525
2026-02-23 21:15:00+00:00,0.18251192569732666
2026-02-23 21:30:00+00:00,0.18337208032608032
2026-02-23 21:45:00+00:00,0.18331670761108398
2026-02-23 22:00:00+00:00,0.18422457575798035
2026-02-23 22:15:00+00:00,0.18367162346839905
2026-02-23 22:30:00+00:00,0.18347467482089996
2026-02-23 22:45:00+00:00,0.1829729676246643
2026-02-23 23:00:00+00:00,0.18474523723125458
2026-02-23 23:15:00+00:00,0.1854814738035202
2026-02-23 23:30:00+00:00,0.18558278679847717
2026-02-23 23:45:00+00:00,0.18434485793113708
2026-02-24 00:00:00+00:00,0.18338905274868011
2026-02-24 00:15:00+00:00,0.1833799183368683
2026-02-24 00:30:00+00:00,0.185231015086174
2026-02-24 00:45:00+00:00,0.18603360652923584
2026-02-24 01:00:00+00:00,0.1845705807209015
2026-02-24 01:15:00+00:00,0.18546180427074432
2026-02-24 01:30:00+00:00,0.1859065741300583
2026-02-24 01:45:00+00:00,0.18617506325244904
2026-02-24 02:00:00+00:00,0.18597283959388733
2026-02-24 02:15:00+00:00,0.18539831042289734
2026-02-24 02:30:00+00:00,0.18752728402614594
2026-02-24 02:45:00+00:00,0.18716450035572052
2026-02-24 03:00:00+00:00,0.18691590428352356
2026-02-24 03:15:00+00:00,0.1874532848596573
2026-02-24 03:30:00+00:00,0.18587753176689148
2026-02-24 03:45:00+00:00,0.18602699041366577
2026-02-24 04:00:00+00:00,0.1868247538805008
2026-02-24 04:15:00+00:00,0.184762641787529
2026-02-24 04:30:00+00:00,0.1843530684709549
2026-02-24 04:45:00+00:00,0.1842889040708542
2026-02-24 05:00:00+00:00,0.18427912890911102
2026-02-24 05:15:00+00:00,0.1824837177991867
2026-02-24 05:30:00+00:00,0.18234826624393463
2026-02-24 05:45:00+00:00,0.18333858251571655
2026-02-24 06:00:00+00:00,0.18210874497890472
2026-02-24 06:15:00+00:00,0.1829829216003418
2026-02-24 06:30:00+00:00,0.18250830471515656
2026-02-24 06:45:00+00:00,0.18153853714466095
2026-02-24 07:00:00+00:00,0.18110068142414093
2026-02-24 07:15:00+00:00,0.18041987717151642
2026-02-24 07:30:00+00:00,0.18024936318397522
2026-02-24 07:45:00+00:00,0.17991949617862701
2026-02-24 08:00:00+00:00,0.18025581538677216
2026-02-24 08:15:00+00:00,0.1802990883588791
2026-02-24 08:30:00+00:00,0.1803589165210724
2026-02-24 08:45:00+00:00,0.18046213686466217
2026-02-24 09:00:00+00:00,0.18038272857666016
2026-02-24 09:15:00+00:00,0.17960503697395325
2026-02-24 09:30:00+00:00,0.18013101816177368
2026-02-24 09:45:00+00:00,0.1800812929868698
2026-02-24 10:00:00+00:00,0.18006077408790588
2026-02-24 10:15:00+00:00,0.1804824024438858
2026-02-24 10:30:00+00:00,0.1800018548965454
2026-02-24 10:45:00+00:00,0.1805134415626526
2026-02-24 11:00:00+00:00,0.18109987676143646
2026-02-24 11:15:00+00:00,0.1809517741203308
2026-02-24 11:30:00+00:00,0.18054746091365814
2026-02-24 11:45:00+00:00,0.18059104681015015
2026-02-24 12:00:00+00:00,0.18049047887325287
2026-02-24 12:15:00+00:00,0.18117766082286835
2026-02-24 12:30:00+00:00,0.1819847822189331
2026-02-24 12:45:00+00:00,0.18152014911174774
2026-02-24 13:00:00+00:00,0.18152464926242828
2026-02-24 13:15:00+00:00,0.1812409609556198
2026-02-24 13:30:00+00:00,0.18069297075271606
2026-02-24 13:45:00+00:00,0.18089473247528076
2026-02-24 14:00:00+00:00,0.180501326918602
2026-02-24 14:15:00+00:00,0.1803465038537979
2026-02-24 14:30:00+00:00,0.18157896399497986
2026-02-24 14:45:00+00:00,0.1843530535697937
2026-02-24 15:00:00+00:00,0.18403135240077972
2026-02-24 15:15:00+00:00,0.1859685778617859
2026-02-24 15:30:00+00:00,0.1847132444381714
2026-02-24 15:45:00+00:00,0.1841796338558197
2026-02-24 16:00:00+00:00,0.18820974230766296
2026-02-24 16:15:00+00:00,0.18754683434963226
2026-02-24 16:30:00+00:00,0.1896992176771164
2026-02-24 16:45:00+00:00,0.19056661427021027
2026-02-24 17:00:00+00:00,0.19433334469795227
2026-02-24 17:15:00+00:00,0.1914135217666626
2026-02-24 17:30:00+00:00,0.19114886224269867
2026-02-24 17:45:00+00:00,0.18845467269420624
2026-02-24 18:00:00+00:00,0.1875014752149582
2026-02-24 18:15:00+00:00,0.1872703582048416
2026-02-24 18:30:00+00:00,0.18745851516723633
2026-02-24 18:45:00+00:00,0.18751797080039978
2026-02-24 19:00:00+00:00,0.18696220219135284
2026-02-24 19:15:00+00:00,0.18628476560115814
2026-02-24 19:30:00+00:00,0.1871253252029419
2026-02-24 19:45:00+00:00,0.18785743415355682
2026-02-24 20:00:00+00:00,0.18798775970935822
2026-02-24 20:15:00+00:00,0.1886877864599228
2026-02-24 20:30:00+00:00,0.18966543674468994
2026-02-24 20:45:00+00:00,0.18951226770877838
2026-02-24 21:00:00+00:00,0.1886577606201172
2026-02-24 21:15:00+00:00,0.1876908838748932
2026-02-24 21:30:00+00:00,0.18755559623241425
2026-02-24 21:45:00+00:00,0.1890028566122055
2026-02-24 22:00:00+00:00,0.1916637420654297
2026-02-24 22:15:00+00:00,0.19160352647304535
2026-02-24 22:30:00+00:00,0.19144797325134277
2026-02-24 22:45:00+00:00,0.19105862081050873
2026-02-24 23:00:00+00:00,0.19042909145355225
2026-02-24 23:15:00+00:00,0.19246935844421387
2026-02-24 23:30:00+00:00,0.19160586595535278
2026-02-24 23:45:00+00:00,0.19147628545761108
2026-02-25 00:00:00+00:00,0.19157850742340088
2026-02-25 00:15:00+00:00,0.19106054306030273
2026-02-25 00:30:00+00:00,0.19123928248882294
2026-02-25 00:45:00+00:00,0.19170914590358734
2026-02-25 01:00:00+00:00,0.19449535012245178
2026-02-25 01:15:00+00:00,0.19966894388198853
2026-02-25 01:30:00+00:00,0.19895613193511963
2026-02-25 01:45:00+00:00,0.19775733351707458
2026-02-25 02:00:00+00:00,0.1973871886730194
2026-02-25 02:15:00+00:00,0.19832755625247955
2026-02-25 02:30:00+00:00,0.19799765944480896
2026-02-25 02:45:00+00:00,0.19809162616729736
2026-02-25 03:00:00+00:00,0.19624124467372894
2026-02-25 03:15:00+00:00,0.1938745677471161
2026-02-25 03:30:00+00:00,0.19344574213027954
2026-02-25 03:45:00+00:00,0.19348090887069702
2026-02-25 04:00:00+00:00,0.19290697574615479
2026-02-25 04:15:00+00:00,0.19255948066711426
2026-02-25 04:30:00+00:00,0.19298964738845825
2026-02-25 04:45:00+00:00,0.1929190456867218
2026-02-25 05:00:00+00:00,0.1923954039812088
2026-02-25 05:15:00+00:00,0.1905956268310547
2026-02-25 05:30:00+00:00,0.18915794789791107
2026-02-25 05:45:00+00:00,0.19029392302036285
2026-02-25 06:00:00+00:00,0.19133856892585754
2026-02-25 06:15:00+00:00,0.19155065715312958
2026-02-25 06:30:00+00:00,0.1921047866344452
2026-02-25 06:45:00+00:00,0.19132637977600098
2026-02-25 07:00:00+00:00,0.1912168264389038
2026-02-25 07:15:00+00:00,0.1913517564535141
2026-02-25 07:30:00+00:00,0.1912822127342224
2026-02-25 07:45:00+00:00,0.1919851005077362
2026-02-25 08:00:00+00:00,0.19223777949810028
2026-02-25 08:15:00+00:00,0.19339515268802643
2026-02-25 08:30:00+00:00,0.19426415860652924
2026-02-25 08:45:00+00:00,0.19455794990062714
2026-02-25 09:00:00+00:00,0.1953279972076416
2026-02-25 09:15:00+00:00,0.19485098123550415
2026-02-25 09:30:00+00:00,0.19422030448913574
2026-02-25 09:45:00+00:00,0.19449813663959503
2026-02-25 10:00:00+00:00,0.19412411749362946
2026-02-25 10:15:00+00:00,0.193287193775177
2026-02-25 10:30:00+00:00,0.193152517080307
2026-02-25 10:45:00+00:00,0.19283105432987213
2026-02-25 11:00:00+00:00,0.19251546263694763
2026-02-25 11:15:00+00:00,0.1933237910270691
2026-02-25 11:30:00+00:00,0.19353897869586945
2026-02-25 11:45:00+00:00,0.19346535205841064
2026-02-25 12:00:00+00:00,0.19358664751052856
2026-02-25 12:15:00+00:00,0.1947053074836731
2026-02-25 12:30:00+00:00,0.19449886679649353
2026-02-25 12:45:00+00:00,0.1955646276473999
2026-02-25 13:00:00+00:00,0.19530989229679108
2026-02-25 13:15:00+00:00,0.1947314739227295
2026-02-25 13:30:00+00:00,0.1953674554824829
2026-02-25 13:45:00+00:00,0.19497738778591156
2026-02-25 14:00:00+00:00,0.19527672231197357
2026-02-25 14:15:00+00:00,0.19685502350330353
2026-02-25 14:30:00+00:00,0.1963191032409668
2026-02-25 14:45:00+00:00,0.19770675897598267
2026-02-25 15:00:00+00:00,0.19812823832035065
2026-02-25 15:15:00+00:00,0.19791889190673828
2026-02-25 15:30:00+00:00,0.19850237667560577
2026-02-25 15:45:00+00:00,0.19926948845386505
2026-02-25 16:00:00+00:00,0.1997801661491394
2026-02-25 16:15:00+00:00,0.20161665976047516
2026-02-25 16:30:00+00:00,0.20117880403995514
2026-02-25 16:45:00+00:00,0.20224134624004364
2026-02-25 17:00:00+00:00,0.20309017598628998
2026-02-25 17:15:00+00:00,0.20354719460010529
2026-02-25 17:30:00+00:00,0.20252418518066406
2026-02-25 17:45:00+00:00,0.20272141695022583
2026-02-25 18:00:00+00:00,0.20265746116638184
2026-02-25 18:15:00+00:00,0.2028847634792328
2026-02-25 18:30:00+00:00,0.20361720025539398
2026-02-25 18:45:00+00:00,0.20363377034664154
2026-02-25 19:00:00+00:00,0.20225390791893005
2026-02-25 19:15:00+00:00,0.20303070545196533
2026-02-25 19:30:00+00:00,0.2031501978635788
2026-02-25 19:45:00+00:00,0.20369355380535126
2026-02-25 20:00:00+00:00,0.2040947824716568
2026-02-25 20:15:00+00:00,0.20430569350719452
2026-02-25 20:30:00+00:00,0.20528961718082428
2026-02-25 20:45:00+00:00,0.20464132726192474
2026-02-25 21:00:00+00:00,0.20414532721042633
2026-02-25 21:15:00+00:00,0.20246680080890656
2026-02-25 21:30:00+00:00,0.2051316350698471
2026-02-25 21:45:00+00:00,0.2044992595911026
2026-02-25 22:00:00+00:00,0.20456546545028687
2026-02-25 22:15:00+00:00,0.20369665324687958
2026-02-25 22:30:00+00:00,0.20228888094425201
2026-02-25 22:45:00+00:00,0.20075535774230957
2026-02-25 23:00:00+00:00,0.20070606470108032
2026-02-25 23:15:00+00:00,0.19906257092952728
2026-02-25 23:30:00+00:00,0.19532239437103271
2026-02-25 23:45:00+00:00,0.19630827009677887
2026-02-26 00:00:00+00:00,0.1972879022359848
2026-02-26 00:15:00+00:00,0.19783812761306763
2026-02-26 00:30:00+00:00,0.19591812789440155
2026-02-26 00:45:00+00:00,0.19718371331691742
2026-02-26 01:00:00+00:00,0.19749891757965088
2026-02-26 01:15:00+00:00,0.19745898246765137
2026-02-26 01:30:00+00:00,0.1978101134300232
2026-02-26 01:45:00+00:00,0.19755439460277557
2026-02-26 02:00:00+00:00,0.19673588871955872
2026-02-26 02:15:00+00:00,0.19761039316654205
2026-02-26 02:30:00+00:00,0.19858121871948242
2026-02-26 02:45:00+00:00,0.19886064529418945
2026-02-26 03:00:00+00:00,0.19849713146686554
2026-02-26 03:15:00+00:00,0.19908449053764343
2026-02-26 03:30:00+00:00,0.1995663344860077
2026-02-26 03:45:00+00:00,0.19941158592700958
2026-02-26 04:00:00+00:00,0.1995556652545929
2026-02-26 04:15:00+00:00,0.2000548541545868
2026-02-26 04:30:00+00:00,0.20182649791240692
2026-02-26 04:45:00+00:00,0.20277893543243408
2026-02-26 05:00:00+00:00,0.2016780525445938
2026-02-26 05:15:00+00:00,0.20156824588775635
2026-02-26 05:30:00+00:00,0.20298682153224945
2026-02-26 05:45:00+00:00,0.20205779373645782
2026-02-26 06:00:00+00:00,0.2020597606897354
2026-02-26 06:15:00+00:00,0.2014864832162857
2026-02-26 06:30:00+00:00,0.20061856508255005
2026-02-26 06:45:00+00:00,0.20025838911533356
2026-02-26 07:00:00+00:00,0.20049619674682617
2026-02-26 07:15:00+00:00,0.20052610337734222
2026-02-26 07:30:00+00:00,0.2005523294210434
2026-02-26 07:45:00+00:00,0.20068266987800598
2026-02-26 08:00:00+00:00,0.2012825906276703
2026-02-26 08:15:00+00:00,0.2034345120191574
2026-02-26 08:30:00+00:00,0.20533639192581177
2026-02-26 08:45:00+00:00,0.2035941481590271
2026-02-26 09:00:00+00:00,0.2019789069890976
2026-02-26 09:15:00+00:00,0.20290058851242065
2026-02-26 09:30:00+00:00,0.20529504120349884
2026-02-26 09:45:00+00:00,0.20455017685890198
2026-02-26 10:00:00+00:00,0.20453104376792908
2026-02-26 10:15:00+00:00,0.20402517914772034
2026-02-26 10:30:00+00:00,0.20289838314056396
2026-02-26 10:45:00+00:00,0.20167237520217896
2026-02-26 11:00:00+00:00,0.20148494839668274
2026-02-26 11:15:00+00:00,0.20100292563438416
2026-02-26 11:30:00+00:00,0.20108696818351746
2026-02-26 11:45:00+00:00,0.2008129358291626
2026-02-26 12:00:00+00:00,0.20056608319282532
2026-02-26 12:15:00+00:00,0.20116183161735535
2026-02-26 12:30:00+00:00,0.20184123516082764
2026-02-26 12:45:00+00:00,0.2017206847667694
2026-02-26 13:00:00+00:00,0.20100703835487366
2026-02-26 13:15:00+00:00,0.20062977075576782
2026-02-26 13:30:00+00:00,0.20102061331272125
2026-02-26 13:45:00+00:00,0.2001808136701584
2026-02-26 14:00:00+00:00,0.19998881220817566
2026-02-26 14:15:00+00:00,0.19956859946250916
2026-02-26 14:30:00+00:00,0.1987137794494629
2026-02-26 14:45:00+00:00,0.1988706886768341
2026-02-26 15:00:00+00:00,0.1989891231060028
2026-02-26 15:15:00+00:00,0.1978462189435959
2026-02-26 15:30:00+00:00,0.19741636514663696
2026-02-26 15:45:00+00:00,0.19705961644649506
2026-02-26 16:00:00+00:00,0.19603346288204193
2026-02-26 16:15:00+00:00,0.1961682289838791
2026-02-26 16:30:00+00:00,0.19325298070907593
2026-02-26 16:45:00+00:00,0.18948088586330414
2026-02-26 17:00:00+00:00,0.19011998176574707
2026-02-26 17:15:00+00:00,0.18968534469604492
2026-02-26 17:30:00+00:00,0.18891426920890808
2026-02-26 17:45:00+00:00,0.188971608877182
2026-02-26 18:00:00+00:00,0.1897503286600113
2026-02-26 18:15:00+00:00,0.19024896621704102
2026-02-26 18:30:00+00:00,0.1924731433391571
2026-02-26 18:45:00+00:00,0.1923193484544754
2026-02-26 19:00:00+00:00,0.19502265751361847
2026-02-26 19:15:00+00:00,0.1940443515777588
2026-02-26 19:30:00+00:00,0.19386149942874908
2026-02-26 19:45:00+00:00,0.1940823346376419
2026-02-26 20:00:00+00:00,0.1939864307641983
2026-02-26 20:15:00+00:00,0.19369164109230042
2026-02-26 20:30:00+00:00,0.1926269233226776
2026-02-26 20:45:00+00:00,0.19239182770252228
2026-02-26 21:00:00+00:00,0.19243398308753967
2026-02-26 21:15:00+00:00,0.19318443536758423
2026-02-26 21:30:00+00:00,0.19353635609149933
2026-02-26 21:45:00+00:00,0.19347022473812103
2026-02-26 22:00:00+00:00,0.19372396171092987
2026-02-26 22:15:00+00:00,0.1935332715511322
2026-02-26 22:30:00+00:00,0.1939326375722885
2026-02-26 22:45:00+00:00,0.19434703886508942
2026-02-26 23:00:00+00:00,0.19446223974227905
2026-02-26 23:15:00+00:00,0.19435501098632812
2026-02-26 23:30:00+00:00,0.19409102201461792
2026-02-26 23:45:00+00:00,0.19377954304218292
2026-02-27 00:00:00+00:00,0.19341230392456055
2026-02-27 00:15:00+00:00,0.19325940310955048
2026-02-27 00:30:00+00:00,0.19269074499607086
2026-02-27 00:45:00+00:00,0.19320431351661682
2026-02-27 01:00:00+00:00,0.19308076798915863
2026-02-27 01:15:00+00:00,0.192881777882576
2026-02-27 01:30:00+00:00,0.19257599115371704
2026-02-27 01:45:00+00:00,0.19268573820590973
2026-02-27 02:00:00+00:00,0.19335226714611053
2026-02-27 02:15:00+00:00,0.19433102011680603
2026-02-27 02:30:00+00:00,0.1942608803510666
2026-02-27 02:45:00+00:00,0.19439375400543213
2026-02-27 03:00:00+00:00,0.194045752286911
2026-02-27 03:15:00+00:00,0.19413523375988007
2026-02-27 03:30:00+00:00,0.19482915103435516
2026-02-27 03:45:00+00:00,0.19655917584896088
2026-02-27 04:00:00+00:00,0.19928190112113953
2026-02-27 04:15:00+00:00,0.19891589879989624
2026-02-27 04:30:00+00:00,0.19784004986286163
2026-02-27 04:45:00+00:00,0.1983954757452011
2026-02-27 05:00:00+00:00,0.19857999682426453
2026-02-27 05:15:00+00:00,0.19825424253940582
2026-02-27 05:30:00+00:00,0.19907143712043762
2026-02-27 05:45:00+00:00,0.19852560758590698
2026-02-27 06:00:00+00:00,0.19847877323627472
2026-02-27 06:15:00+00:00,0.1975923329591751
2026-02-27 06:30:00+00:00,0.1983855813741684
2026-02-27 06:45:00+00:00,0.1984797567129135
2026-02-27 07:00:00+00:00,0.19760926067829132
2026-02-27 07:15:00+00:00,0.1975584626197815
2026-02-27 07:30:00+00:00,0.1976129710674286
2026-02-27 07:45:00+00:00,0.19864915311336517
2026-02-27 08:00:00+00:00,0.19933532178401947
2026-02-27 08:15:00+00:00,0.19920827448368073
2026-02-27 08:30:00+00:00,0.19919021427631378
2026-02-27 08:45:00+00:00,0.1993279606103897
2026-02-27 09:00:00+00:00,0.19913993775844574
2026-02-27 09:15:00+00:00,0.19946801662445068
2026-02-27 09:30:00+00:00,0.19970273971557617
2026-02-27 09:45:00+00:00,0.19874529540538788
2026-02-27 10:00:00+00:00,0.19800764322280884
2026-02-27 10:15:00+00:00,0.19648128747940063
2026-02-27 10:30:00+00:00,0.19733691215515137
2026-02-27 10:45:00+00:00,0.1963740587234497
2026-02-27 11:00:00+00:00,0.19647207856178284
2026-02-27 11:15:00+00:00,0.19636768102645874
2026-02-27 11:30:00+00:00,0.19302336871623993
2026-02-27 11:45:00+00:00,0.19326697289943695
2026-02-27 12:00:00+00:00,0.1925298124551773
2026-02-27 12:15:00+00:00,0.1934032440185547
2026-02-27 12:30:00+00:00,0.19269292056560516
2026-02-27 12:45:00+00:00,0.19206149876117706
2026-02-27 13:00:00+00:00,0.19330905377864838
2026-02-27 13:15:00+00:00,0.19215944409370422
2026-02-27 13:30:00+00:00,0.19044384360313416
2026-02-27 13:45:00+00:00,0.1910751760005951
2026-02-27 14:00:00+00:00,0.19093166291713715
2026-02-27 14:15:00+00:00,0.18958637118339539
2026-02-27 14:30:00+00:00,0.1896718293428421
2026-02-27 14:45:00+00:00,0.1889306604862213
2026-02-27 15:00:00+00:00,0.18940967321395874
2026-02-27 15:15:00+00:00,0.1889219582080841
2026-02-27 15:30:00+00:00,0.18760433793067932
2026-02-27 15:45:00+00:00,0.188028484582901
2026-02-27 16:00:00+00:00,0.1870848834514618
2026-02-27 16:15:00+00:00,0.18825224041938782
2026-02-27 16:30:00+00:00,0.1878453493118286
2026-02-27 16:45:00+00:00,0.18649642169475555
2026-02-27 17:00:00+00:00,0.18589311838150024
2026-02-27 17:15:00+00:00,0.1854582279920578
2026-02-27 17:30:00+00:00,0.18675459921360016
2026-02-27 17:45:00+00:00,0.1879211664199829
2026-02-27 18:00:00+00:00,0.18817180395126343
2026-02-27 18:15:00+00:00,0.18805499374866486
2026-02-27 18:30:00+00:00,0.18868114054203033
2026-02-27 18:45:00+00:00,0.18790337443351746
2026-02-27 19:00:00+00:00,0.18705704808235168
2026-02-27 19:15:00+00:00,0.1870264858007431
2026-02-27 19:30:00+00:00,0.1869591325521469
2026-02-27 19:45:00+00:00,0.1864931434392929
2026-02-27 20:00:00+00:00,0.18696096539497375
2026-02-27 20:15:00+00:00,0.1871720254421234
2026-02-27 20:30:00+00:00,0.1867808848619461
2026-02-27 20:45:00+00:00,0.18647660315036774
2026-02-27 21:00:00+00:00,0.1864345818758011
2026-02-27 21:15:00+00:00,0.1863383650779724
2026-02-27 21:30:00+00:00,0.18577344715595245
2026-02-27 21:45:00+00:00,0.18539206683635712
2026-02-27 22:00:00+00:00,0.18549132347106934
2026-02-27 22:15:00+00:00,0.18518602848052979
2026-02-27 22:30:00+00:00,0.1841873675584793
2026-02-27 22:45:00+00:00,0.18481454253196716
2026-02-27 23:00:00+00:00,0.18630118668079376
2026-02-27 23:15:00+00:00,0.18656720221042633
2026-02-27 23:30:00+00:00,0.18662862479686737
2026-02-27 23:45:00+00:00,0.1864333599805832
2026-02-28 00:00:00+00:00,0.1864849478006363
2026-02-28 00:15:00+00:00,0.18736019730567932
2026-02-28 00:30:00+00:00,0.18752159178256989
2026-02-28 00:45:00+00:00,0.18755434453487396
2026-02-28 01:00:00+00:00,0.18757644295692444
2026-02-28 01:15:00+00:00,0.18705210089683533
2026-02-28 01:30:00+00:00,0.18608643114566803
2026-02-28 01:45:00+00:00,0.18597374856472015
2026-02-28 02:00:00+00:00,0.18591831624507904
2026-02-28 02:15:00+00:00,0.18611887097358704
2026-02-28 02:30:00+00:00,0.18624362349510193
2026-02-28 02:45:00+00:00,0.18656712770462036
2026-02-28 03:00:00+00:00,0.18666377663612366
2026-02-28 03:15:00+00:00,0.18663179874420166
2026-02-28 03:30:00+00:00,0.18570609390735626
2026-02-28 03:45:00+00:00,0.18591980636119843
2026-02-28 04:00:00+00:00,0.18574413657188416
2026-02-28 04:15:00+00:00,0.18585696816444397
2026-02-28 04:30:00+00:00,0.1862076222896576
2026-02-28 04:45:00+00:00,0.18616490066051483
2026-02-28 05:00:00+00:00,0.186284139752388
2026-02-28 05:15:00+00:00,0.18616846203804016
2026-02-28 05:30:00+00:00,0.18554461002349854
2026-02-28 05:45:00+00:00,0.18555738031864166
2026-02-28 06:00:00+00:00,0.185152068734169
2026-02-28 06:15:00+00:00,0.18254157900810242
2026-02-28 06:30:00+00:00,0.17910633981227875
2026-02-28 06:45:00+00:00,0.17680004239082336
2026-02-28 07:00:00+00:00,0.17911921441555023
2026-02-28 07:15:00+00:00,0.17775560915470123
2026-02-28 07:30:00+00:00,0.18162871897220612
2026-02-28 07:45:00+00:00,0.1803794801235199
2026-02-28 08:00:00+00:00,0.17795740067958832
2026-02-28 08:15:00+00:00,0.1766020655632019
2026-02-28 08:30:00+00:00,0.1764359027147293
2026-02-28 08:45:00+00:00,0.17532332241535187
2026-02-28 09:00:00+00:00,0.1747029423713684
2026-02-28 09:15:00+00:00,0.17492014169692993
2026-02-28 09:30:00+00:00,0.1739833801984787
2026-02-28 09:45:00+00:00,0.17357037961483002
2026-02-28 10:00:00+00:00,0.17269966006278992
2026-02-28 10:15:00+00:00,0.17350484430789948
2026-02-28 10:30:00+00:00,0.17421022057533264
2026-02-28 10:45:00+00:00,0.17356766760349274
2026-02-28 11:00:00+00:00,0.1739106923341751
2026-02-28 11:15:00+00:00,0.173863485455513
2026-02-28 11:30:00+00:00,0.17301030457019806
2026-02-28 11:45:00+00:00,0.17264631390571594
2026-02-28 12:00:00+00:00,0.17254751920700073
2026-02-28 12:15:00+00:00,0.17327140271663666
2026-02-28 12:30:00+00:00,0.1735960990190506
2026-02-28 12:45:00+00:00,0.17331989109516144
2026-02-28 13:00:00+00:00,0.1736086905002594
2026-02-28 13:15:00+00:00,0.17289842665195465
2026-02-28 13:30:00+00:00,0.1719299703836441
2026-02-28 13:45:00+00:00,0.1759936362504959
2026-02-28 14:00:00+00:00,0.1758243292570114
2026-02-28 14:15:00+00:00,0.17560406029224396
2026-02-28 14:30:00+00:00,0.17594967782497406
2026-02-28 14:45:00+00:00,0.17485706508159637
2026-02-28 15:00:00+00:00,0.1738886833190918
2026-02-28 15:15:00+00:00,0.17353110015392303
2026-02-28 15:30:00+00:00,0.17443308234214783
2026-02-28 15:45:00+00:00,0.17456132173538208
2026-02-28 16:00:00+00:00,0.17378218472003937
2026-02-28 16:15:00+00:00,0.17372402548789978
2026-02-28 16:30:00+00:00,0.17324484884738922
2026-02-28 16:45:00+00:00,0.17375968396663666
2026-02-28 17:00:00+00:00,0.17313234508037567
2026-02-28 17:15:00+00:00,0.1724383533000946
2026-02-28 17:30:00+00:00,0.17234250903129578
2026-02-28 17:45:00+00:00,0.1726861596107483
2026-02-28 18:00:00+00:00,0.17363481223583221
2026-02-28 18:15:00+00:00,0.17349405586719513
2026-02-28 18:30:00+00:00,0.1755625307559967
2026-02-28 18:45:00+00:00,0.17634724080562592
2026-02-28 19:00:00+00:00,0.17402741312980652
2026-02-28 19:15:00+00:00,0.17433753609657288
2026-02-28 19:30:00+00:00,0.17783865332603455
2026-02-28 19:45:00+00:00,0.17887119948863983
2026-02-28 20:00:00+00:00,0.17967228591442108
2026-02-28 20:15:00+00:00,0.18240228295326233
2026-02-28 20:30:00+00:00,0.18257774412631989
2026-02-28 20:45:00+00:00,0.18446378409862518
2026-02-28 21:00:00+00:00,0.1817225068807602
2026-02-28 21:15:00+00:00,0.18109038472175598
2026-02-28 21:30:00+00:00,0.18060600757598877
2026-02-28 21:45:00+00:00,0.18108303844928741
2026-02-28 22:00:00+00:00,0.1822352409362793
2026-02-28 22:15:00+00:00,0.1832304149866104
2026-02-28 22:30:00+00:00,0.184647798538208
2026-02-28 22:45:00+00:00,0.18465504050254822
2026-02-28 23:00:00+00:00,0.1844974309206009
2026-02-28 23:15:00+00:00,0.18449191749095917
2026-02-28 23:30:00+00:00,0.18432196974754333
2026-02-28 23:45:00+00:00,0.18468181788921356
2026-03-01 00:00:00+00:00,0.18460267782211304
2026-03-01 00:15:00+00:00,0.18459199368953705
2026-03-01 00:30:00+00:00,0.18304184079170227
2026-03-01 00:45:00+00:00,0.1833896040916443
2026-03-01 01:00:00+00:00,0.18251313269138336
2026-03-01 01:15:00+00:00,0.18299928307533264
2026-03-01 01:30:00+00:00,0.1851217895746231
2026-03-01 01:45:00+00:00,0.18809065222740173
2026-03-01 02:00:00+00:00,0.19255352020263672
2026-03-01 02:15:00+00:00,0.19096297025680542
2026-03-01 02:30:00+00:00,0.19070091843605042
2026-03-01 02:45:00+00:00,0.19109366834163666
2026-03-01 03:00:00+00:00,0.19098369777202606
2026-03-01 03:15:00+00:00,0.1896710991859436
2026-03-01 03:30:00+00:00,0.18953067064285278
2026-03-01 03:45:00+00:00,0.18871726095676422
2026-03-01 04:00:00+00:00,0.18866856396198273
2026-03-01 04:15:00+00:00,0.1872573345899582
2026-03-01 04:30:00+00:00,0.18897321820259094
2026-03-01 04:45:00+00:00,0.1885039210319519
2026-03-01 05:00:00+00:00,0.18885545432567596
2026-03-01 05:15:00+00:00,0.18847139179706573
2026-03-01 05:30:00+00:00,0.18889911472797394
2026-03-01 05:45:00+00:00,0.18883098661899567
2026-03-01 06:00:00+00:00,0.18713338673114777
2026-03-01 06:15:00+00:00,0.18759751319885254
2026-03-01 06:30:00+00:00,0.18647554516792297
2026-03-01 06:45:00+00:00,0.1866176277399063
2026-03-01 07:00:00+00:00,0.186610147356987
2026-03-01 07:15:00+00:00,0.18661922216415405
2026-03-01 07:30:00+00:00,0.1885063201189041
2026-03-01 07:45:00+00:00,0.18836724758148193
2026-03-01 08:00:00+00:00,0.1884942203760147
2026-03-01 08:15:00+00:00,0.1885022222995758
2026-03-01 08:30:00+00:00,0.18753299117088318
2026-03-01 08:45:00+00:00,0.1851637214422226
2026-03-01 09:00:00+00:00,0.18586024641990662
2026-03-01 09:15:00+00:00,0.18611331284046173
2026-03-01 09:30:00+00:00,0.1850460320711136
2026-03-01 09:45:00+00:00,0.1844918429851532
2026-03-01 10:00:00+00:00,0.18436284363269806
2026-03-01 10:15:00+00:00,0.1846027970314026
2026-03-01 10:30:00+00:00,0.1847989857196808
2026-03-01 10:45:00+00:00,0.18508586287498474
2026-03-01 11:00:00+00:00,0.1850561946630478
2026-03-01 11:15:00+00:00,0.1852627545595169
2026-03-01 11:30:00+00:00,0.18517181277275085
2026-03-01 11:45:00+00:00,0.18537771701812744
2026-03-01 12:00:00+00:00,0.18562670052051544
2026-03-01 12:15:00+00:00,0.18611441552639008
2026-03-01 12:30:00+00:00,0.1863463968038559
2026-03-01 12:45:00+00:00,0.1853770613670349
2026-03-01 13:00:00+00:00,0.18503282964229584
2026-03-01 13:15:00+00:00,0.18409064412117004
2026-03-01 13:30:00+00:00,0.18353433907032013
2026-03-01 13:45:00+00:00,0.18760350346565247
2026-03-01 14:00:00+00:00,0.1877070814371109
2026-03-01 14:15:00+00:00,0.1865691989660263
2026-03-01 14:30:00+00:00,0.1855139136314392
2026-03-01 14:45:00+00:00,0.1848648339509964
2026-03-01 15:00:00+00:00,0.1845167875289917
2026-03-01 15:15:00+00:00,0.18471480906009674
2026-03-01 15:30:00+00:00,0.1848461627960205
2026-03-01 15:45:00+00:00,0.18432283401489258
2026-03-01 16:00:00+00:00,0.18400438129901886
2026-03-01 16:15:00+00:00,0.1831008344888687
2026-03-01 16:30:00+00:00,0.1830555647611618
2026-03-01 16:45:00+00:00,0.18049120903015137
2026-03-01 17:00:00+00:00,0.17969408631324768
2026-03-01 17:15:00+00:00,0.17844559252262115
2026-03-01 17:30:00+00:00,0.17879387736320496
2026-03-01 17:45:00+00:00,0.17833589017391205
2026-03-01 18:00:00+00:00,0.1804649978876114
2026-03-01 18:15:00+00:00,0.18020957708358765
2026-03-01 18:30:00+00:00,0.18013812601566315
2026-03-01 18:45:00+00:00,0.18009871244430542
2026-03-01 19:00:00+00:00,0.17855523526668549
2026-03-01 19:15:00+00:00,0.17695572972297668
2026-03-01 19:30:00+00:00,0.17644813656806946
2026-03-01 19:45:00+00:00,0.176502525806427
2026-03-01 20:00:00+00:00,0.17555566132068634
2026-03-01 20:15:00+00:00,0.17417645454406738
2026-03-01 20:30:00+00:00,0.17344503104686737
2026-03-01 20:45:00+00:00,0.1739267110824585
2026-03-01 21:00:00+00:00,0.17441710829734802
2026-03-01 21:15:00+00:00,0.1756879836320877
2026-03-01 21:30:00+00:00,0.17555773258209229
2026-03-01 21:45:00+00:00,0.17557500302791595
2026-03-01 22:00:00+00:00,0.17665798962116241
2026-03-01 22:15:00+00:00,0.17713959515094757
2026-03-01 22:30:00+00:00,0.17645516991615295
2026-03-01 22:45:00+00:00,0.1762009710073471
2026-03-01 23:00:00+00:00,0.17914466559886932
2026-03-01 23:15:00+00:00,0.17837011814117432
2026-03-01 23:30:00+00:00,0.17839978635311127
2026-03-01 23:45:00+00:00,0.1783609241247177
2026-03-02 00:00:00+00:00,0.1785552054643631
2026-03-02 00:15:00+00:00,0.1786179095506668
2026-03-02 00:30:00+00:00,0.17936109006404877
2026-03-02 00:45:00+00:00,0.18136487901210785
2026-03-02 01:00:00+00:00,0.18271884322166443
2026-03-02 01:15:00+00:00,0.1813322752714157
2026-03-02 01:30:00+00:00,0.18112900853157043
2026-03-02 01:45:00+00:00,0.18057458102703094
2026-03-02 02:00:00+00:00,0.17905735969543457
2026-03-02 02:15:00+00:00,0.17857077717781067
2026-03-02 02:30:00+00:00,0.17914234101772308
2026-03-02 02:45:00+00:00,0.17906661331653595
2026-03-02 03:00:00+00:00,0.17863862216472626
2026-03-02 03:15:00+00:00,0.17871901392936707
2026-03-02 03:30:00+00:00,0.17952215671539307
2026-03-02 03:45:00+00:00,0.17943653464317322
2026-03-02 04:00:00+00:00,0.17946286499500275
2026-03-02 04:15:00+00:00,0.17955201864242554
2026-03-02 04:30:00+00:00,0.18007153272628784
2026-03-02 04:45:00+00:00,0.17870280146598816
2026-03-02 05:00:00+00:00,0.17758910357952118
2026-03-02 05:15:00+00:00,0.17801083624362946
2026-03-02 05:30:00+00:00,0.17840012907981873
2026-03-02 05:45:00+00:00,0.17843124270439148
2026-03-02 06:00:00+00:00,0.17737174034118652
2026-03-02 06:15:00+00:00,0.1762128323316574
2026-03-02 06:30:00+00:00,0.17708763480186462
2026-03-02 06:45:00+00:00,0.17709825932979584
2026-03-02 07:00:00+00:00,0.176118865609169
2026-03-02 07:15:00+00:00,0.17632073163986206
2026-03-02 07:30:00+00:00,0.17685793340206146
2026-03-02 07:45:00+00:00,0.17642568051815033
2026-03-02 08:00:00+00:00,0.17515228688716888
2026-03-02 08:15:00+00:00,0.17454835772514343
2026-03-02 08:30:00+00:00,0.1751830130815506
2026-03-02 08:45:00+00:00,0.17645536363124847
2026-03-02 09:00:00+00:00,0.17741432785987854
2026-03-02 09:15:00+00:00,0.177554190158844
2026-03-02 09:30:00+00:00,0.17745861411094666
2026-03-02 09:45:00+00:00,0.17740079760551453
2026-03-02 10:00:00+00:00,0.1771659553050995
2026-03-02 10:15:00+00:00,0.17719195783138275
2026-03-02 10:30:00+00:00,0.17722342908382416
2026-03-02 10:45:00+00:00,0.17742709815502167
2026-03-02 11:00:00+00:00,0.17706039547920227
2026-03-02 11:15:00+00:00,0.17704947292804718
2026-03-02 11:30:00+00:00,0.17736807465553284
2026-03-02 11:45:00+00:00,0.17721691727638245
2026-03-02 12:00:00+00:00,0.1775103211402893
2026-03-02 12:15:00+00:00,0.17700286209583282
2026-03-02 12:30:00+00:00,0.17681138217449188
2026-03-02 12:45:00+00:00,0.17682313919067383
2026-03-02 13:00:00+00:00,0.17602309584617615
2026-03-02 13:15:00+00:00,0.17605404555797577
2026-03-02 13:30:00+00:00,0.17529378831386566
2026-03-02 13:45:00+00:00,0.17489320039749146
2026-03-02 14:00:00+00:00,0.1764165759086609
2026-03-02 14:15:00+00:00,0.17659161984920502
2026-03-02 14:30:00+00:00,0.1798609048128128
2026-03-02 14:45:00+00:00,0.18279282748699188
2026-03-02 15:00:00+00:00,0.18522050976753235
2026-03-02 15:15:00+00:00,0.18923527002334595
2026-03-02 15:30:00+00:00,0.188729926943779
2026-03-02 15:45:00+00:00,0.18779118359088898
2026-03-02 16:00:00+00:00,0.18887990713119507
2026-03-02 16:15:00+00:00,0.1886393129825592
2026-03-02 16:30:00+00:00,0.18855418264865875
2026-03-02 16:45:00+00:00,0.19021479785442352
2026-03-02 17:00:00+00:00,0.18939362466335297
2026-03-02 17:15:00+00:00,0.18854081630706787
2026-03-02 17:30:00+00:00,0.18776348233222961
2026-03-02 17:45:00+00:00,0.1881019026041031
2026-03-02 18:00:00+00:00,0.18756583333015442
2026-03-02 18:15:00+00:00,0.1873866468667984
2026-03-02 18:30:00+00:00,0.18666933476924896
2026-03-02 18:45:00+00:00,0.18643514811992645
2026-03-02 19:00:00+00:00,0.18537333607673645
2026-03-02 19:15:00+00:00,0.18562401831150055
2026-03-02 19:30:00+00:00,0.18572010099887848
2026-03-02 19:45:00+00:00,0.18640434741973877
2026-03-02 20:00:00+00:00,0.18610943853855133
2026-03-02 20:15:00+00:00,0.185549795627594
2026-03-02 20:30:00+00:00,0.1862792819738388
2026-03-02 20:45:00+00:00,0.1863127201795578
2026-03-02 21:00:00+00:00,0.18507547676563263
2026-03-02 21:15:00+00:00,0.18502235412597656
2026-03-02 21:30:00+00:00,0.18546168506145477
2026-03-02 21:45:00+00:00,0.18553794920444489
2026-03-02 22:00:00+00:00,0.18618783354759216
2026-03-02 22:15:00+00:00,0.18865986168384552
2026-03-02 22:30:00+00:00,0.1898157000541687
2026-03-02 22:45:00+00:00,0.18975785374641418
2026-03-02 23:00:00+00:00,0.18897081911563873
2026-03-02 23:15:00+00:00,0.187567800283432
2026-03-02 23:30:00+00:00,0.18582554161548615
2026-03-02 23:45:00+00:00,0.18604201078414917
2026-03-03 00:00:00+00:00,0.18601855635643005
2026-03-03 00:15:00+00:00,0.18530268967151642
2026-03-03 00:30:00+00:00,0.18615329265594482
2026-03-03 00:45:00+00:00,0.18571536242961884
2026-03-03 01:00:00+00:00,0.18724516034126282
2026-03-03 01:15:00+00:00,0.18660268187522888
2026-03-03 01:30:00+00:00,0.1867515593767166
2026-03-03 01:45:00+00:00,0.18637588620185852
2026-03-03 02:00:00+00:00,0.18534033000469208
2026-03-03 02:15:00+00:00,0.18454594910144806
2026-03-03 02:30:00+00:00,0.18523074686527252
2026-03-03 02:45:00+00:00,0.18511967360973358
2026-03-03 03:00:00+00:00,0.18390320241451263
2026-03-03 03:15:00+00:00,0.1837693452835083
2026-03-03 03:30:00+00:00,0.18461698293685913
2026-03-03 03:45:00+00:00,0.1845695525407791
2026-03-03 04:00:00+00:00,0.18451792001724243
2026-03-03 04:15:00+00:00,0.18455137312412262
2026-03-03 04:30:00+00:00,0.18356460332870483
2026-03-03 04:45:00+00:00,0.18330365419387817
2026-03-03 05:00:00+00:00,0.18334679305553436
2026-03-03 05:15:00+00:00,0.1847698986530304
2026-03-03 05:30:00+00:00,0.18348446488380432
2026-03-03 05:45:00+00:00,0.18263833224773407
2026-03-03 06:00:00+00:00,0.18323175609111786
2026-03-03 06:15:00+00:00,0.18329155445098877
2026-03-03 06:30:00+00:00,0.18352678418159485
2026-03-03 06:45:00+00:00,0.18359686434268951
2026-03-03 07:00:00+00:00,0.1835772544145584
2026-03-03 07:15:00+00:00,0.18415674567222595
2026-03-03 07:30:00+00:00,0.18440023064613342
2026-03-03 07:45:00+00:00,0.1851603239774704
2026-03-03 08:00:00+00:00,0.185573548078537
2026-03-03 08:15:00+00:00,0.1835295855998993
2026-03-03 08:30:00+00:00,0.18273472785949707
2026-03-03 08:45:00+00:00,0.18182815611362457
2026-03-03 09:00:00+00:00,0.18224689364433289
2026-03-03 09:15:00+00:00,0.18113096058368683
2026-03-03 09:30:00+00:00,0.18079547584056854
2026-03-03 09:45:00+00:00,0.18024790287017822
2026-03-03 10:00:00+00:00,0.18023303151130676
2026-03-03 10:15:00+00:00,0.1805938333272934
2026-03-03 10:30:00+00:00,0.18040987849235535
2026-03-03 10:45:00+00:00,0.1803792417049408
2026-03-03 11:00:00+00:00,0.18078842759132385
2026-03-03 11:15:00+00:00,0.1804789900779724
2026-03-03 11:30:00+00:00,0.18098445236682892
2026-03-03 11:45:00+00:00,0.18117456138134003
2026-03-03 12:00:00+00:00,0.18368124961853027
2026-03-03 12:15:00+00:00,0.1833559274673462
2026-03-03 12:30:00+00:00,0.18284820020198822
2026-03-03 12:45:00+00:00,0.18284229934215546
2026-03-03 13:00:00+00:00,0.18226513266563416
2026-03-03 13:15:00+00:00,0.18186940252780914
2026-03-03 13:30:00+00:00,0.1814277619123459
2026-03-03 13:45:00+00:00,0.18099015951156616
2026-03-03 14:00:00+00:00,0.18106086552143097
2026-03-03 14:15:00+00:00,0.18113261461257935
2026-03-03 14:30:00+00:00,0.18061137199401855
2026-03-03 14:45:00+00:00,0.18058191239833832
2026-03-03 15:00:00+00:00,0.1803291141986847
2026-03-03 15:15:00+00:00,0.18044805526733398
2026-03-03 15:30:00+00:00,0.18328826129436493
2026-03-03 15:45:00+00:00,0.18282631039619446
2026-03-03 16:00:00+00:00,0.18476168811321259
2026-03-03 16:15:00+00:00,0.18659783899784088
2026-03-03 16:30:00+00:00,0.1823890507221222
2026-03-03 16:45:00+00:00,0.18570689857006073
2026-03-03 17:00:00+00:00,0.1836782991886139
2026-03-03 17:15:00+00:00,0.18433302640914917
2026-03-03 17:30:00+00:00,0.18456913530826569
2026-03-03 17:45:00+00:00,0.18650999665260315
2026-03-03 18:00:00+00:00,0.1862497478723526
2026-03-03 18:15:00+00:00,0.18833599984645844
2026-03-03 18:30:00+00:00,0.19162806868553162
2026-03-03 18:45:00+00:00,0.1891394704580307
2026-03-03 19:00:00+00:00,0.18839618563652039
2026-03-03 19:15:00+00:00,0.18928305804729462
2026-03-03 19:30:00+00:00,0.19081254303455353
2026-03-03 19:45:00+00:00,0.19049115478992462
2026-03-03 20:00:00+00:00,0.1893732100725174
2026-03-03 20:15:00+00:00,0.19019003212451935
2026-03-03 20:30:00+00:00,0.19012999534606934
2026-03-03 20:45:00+00:00,0.19002151489257812
2026-03-03 21:00:00+00:00,0.18893979489803314
2026-03-03 21:15:00+00:00,0.1876121461391449
2026-03-03 21:30:00+00:00,0.18832746148109436
2026-03-03 21:45:00+00:00,0.18863679468631744
2026-03-03 22:00:00+00:00,0.19115464389324188
2026-03-03 22:15:00+00:00,0.19073143601417542
2026-03-03 22:30:00+00:00,0.1914251148700714
2026-03-03 22:45:00+00:00,0.19141940772533417
2026-03-03 23:00:00+00:00,0.19208836555480957
2026-03-03 23:15:00+00:00,0.19116376340389252
2026-03-03 23:30:00+00:00,0.1911977380514145
2026-03-03 23:45:00+00:00,0.19124744832515717
2026-03-04 00:00:00+00:00,0.19191603362560272
2026-03-04 00:15:00+00:00,0.1923648864030838
2026-03-04 00:30:00+00:00,0.19141966104507446
2026-03-04 00:45:00+00:00,0.1917228400707245
2026-03-04 01:00:00+00:00,0.1925831288099289
2026-03-04 01:15:00+00:00,0.19255660474300385
2026-03-04 01:30:00+00:00,0.19417881965637207
2026-03-04 01:45:00+00:00,0.19311483204364777
2026-03-04 02:00:00+00:00,0.19251954555511475
2026-03-04 02:15:00+00:00,0.1910400688648224
2026-03-04 02:30:00+00:00,0.19151534140110016
2026-03-04 02:45:00+00:00,0.19242502748966217
2026-03-04 03:00:00+00:00,0.1908896416425705
2026-03-04 03:15:00+00:00,0.1907820999622345
2026-03-04 03:30:00+00:00,0.18901988863945007
2026-03-04 03:45:00+00:00,0.1888493299484253
2026-03-04 04:00:00+00:00,0.18979504704475403
2026-03-04 04:15:00+00:00,0.18866290152072906
2026-03-04 04:30:00+00:00,0.18848666548728943
2026-03-04 04:45:00+00:00,0.18914785981178284
2026-03-04 05:00:00+00:00,0.18906550109386444
2026-03-04 05:15:00+00:00,0.1874896138906479
2026-03-04 05:30:00+00:00,0.18792854249477386
2026-03-04 05:45:00+00:00,0.18820835649967194
2026-03-04 06:00:00+00:00,0.1875533163547516
2026-03-04 06:15:00+00:00,0.18749231100082397
2026-03-04 06:30:00+00:00,0.18961431086063385
2026-03-04 06:45:00+00:00,0.18921534717082977
2026-03-04 07:00:00+00:00,0.18920142948627472
2026-03-04 07:15:00+00:00,0.1893458515405655
2026-03-04 07:30:00+00:00,0.18998081982135773
2026-03-04 07:45:00+00:00,0.1900509148836136
2026-03-04 08:00:00+00:00,0.19009938836097717
2026-03-04 08:15:00+00:00,0.18989147245883942
2026-03-04 08:30:00+00:00,0.19060876965522766
2026-03-04 08:45:00+00:00,0.1950199156999588
2026-03-04 09:00:00+00:00,0.1955362856388092
2026-03-04 09:15:00+00:00,0.19654759764671326
2026-03-04 09:30:00+00:00,0.19709986448287964
2026-03-04 09:45:00+00:00,0.19530431926250458
2026-03-04 10:00:00+00:00,0.1950947344303131
2026-03-04 10:15:00+00:00,0.19379793107509613
2026-03-04 10:30:00+00:00,0.193093404173851
2026-03-04 10:45:00+00:00,0.19356800615787506
2026-03-04 11:00:00+00:00,0.1939583420753479
2026-03-04 11:15:00+00:00,0.19388069212436676
2026-03-04 11:30:00+00:00,0.1919783502817154
2026-03-04 11:45:00+00:00,0.1927182674407959
2026-03-04 12:00:00+00:00,0.1925884336233139
2026-03-04 12:15:00+00:00,0.19191165268421173
2026-03-04 12:30:00+00:00,0.1914571076631546
2026-03-04 12:45:00+00:00,0.19157978892326355
2026-03-04 13:00:00+00:00,0.1946079432964325
2026-03-04 13:15:00+00:00,0.19446216523647308
2026-03-04 13:30:00+00:00,0.19521395862102509
2026-03-04 13:45:00+00:00,0.19605007767677307
2026-03-04 14:00:00+00:00,0.19717900454998016
2026-03-04 14:15:00+00:00,0.19745825231075287
2026-03-04 14:30:00+00:00,0.19843889772891998
2026-03-04 14:45:00+00:00,0.19640785455703735
2026-03-04 15:00:00+00:00,0.19726553559303284
2026-03-04 15:15:00+00:00,0.19805282354354858
2026-03-04 15:30:00+00:00,0.1996634602546692
2026-03-04 15:45:00+00:00,0.20051857829093933
2026-03-04 16:00:00+00:00,0.19958804547786713
2026-03-04 16:15:00+00:00,0.1976868063211441
2026-03-04 16:30:00+00:00,0.19774384796619415
2026-03-04 16:45:00+00:00,0.1977444291114807
2026-03-04 17:00:00+00:00,0.19781024754047394
2026-03-04 17:15:00+00:00,0.195749893784523
2026-03-04 17:30:00+00:00,0.19753409922122955
2026-03-04 17:45:00+00:00,0.19686546921730042
2026-03-04 18:00:00+00:00,0.19596533477306366
2026-03-04 18:15:00+00:00,0.19673679769039154
2026-03-04 18:30:00+00:00,0.1967812478542328
2026-03-04 18:45:00+00:00,0.1981465369462967
2026-03-04 19:00:00+00:00,0.1995091438293457
2026-03-04 19:15:00+00:00,0.19974322617053986
2026-03-04 19:30:00+00:00,0.20032675564289093
2026-03-04 19:45:00+00:00,0.20004689693450928
2026-03-04 20:00:00+00:00,0.19908133149147034
2026-03-04 20:15:00+00:00,0.19872568547725677
2026-03-04 20:30:00+00:00,0.19859685003757477
2026-03-04 20:45:00+00:00,0.19762326776981354
2026-03-04 21:00:00+00:00,0.19686205685138702
2026-03-04 21:15:00+00:00,0.19844958186149597
2026-03-04 21:30:00+00:00,0.1988498717546463
2026-03-04 21:45:00+00:00,0.19866473972797394
2026-03-04 22:00:00+00:00,0.1993642896413803
2026-03-04 22:15:00+00:00,0.1994074434041977
2026-03-04 22:30:00+00:00,0.19823326170444489
2026-03-04 22:45:00+00:00,0.1975935399532318
2026-03-04 23:00:00+00:00,0.19734248518943787
2026-03-04 23:15:00+00:00,0.19628974795341492
2026-03-04 23:30:00+00:00,0.19744165241718292
2026-03-04 23:45:00+00:00,0.19729968905448914
2026-03-05 00:00:00+00:00,0.19738523662090302
2026-03-05 00:15:00+00:00,0.1971362680196762
2026-03-05 00:30:00+00:00,0.1976691484451294
2026-03-05 00:45:00+00:00,0.19773656129837036
2026-03-05 01:00:00+00:00,0.19910605251789093
2026-03-05 01:15:00+00:00,0.1987021416425705
2026-03-05 01:30:00+00:00,0.1982148289680481
2026-03-05 01:45:00+00:00,0.19817470014095306
2026-03-05 02:00:00+00:00,0.19940809905529022
2026-03-05 02:15:00+00:00,0.19949829578399658
2026-03-05 02:30:00+00:00,0.19809991121292114
2026-03-05 02:45:00+00:00,0.1990063339471817
2026-03-05 03:00:00+00:00,0.20021280646324158
2026-03-05 03:15:00+00:00,0.20066484808921814
2026-03-05 03:30:00+00:00,0.2003285139799118
2026-03-05 03:45:00+00:00,0.2004922479391098
2026-03-05 04:00:00+00:00,0.19960519671440125
2026-03-05 04:15:00+00:00,0.19955459237098694
2026-03-05 04:30:00+00:00,0.19996973872184753
2026-03-05 04:45:00+00:00,0.19985570013523102
2026-03-05 05:00:00+00:00,0.20102649927139282
2026-03-05 05:15:00+00:00,0.20010149478912354
2026-03-05 05:30:00+00:00,0.19992199540138245
2026-03-05 05:45:00+00:00,0.20044690370559692
2026-03-05 06:00:00+00:00,0.1995808184146881
2026-03-05 06:15:00+00:00,0.200049489736557
2026-03-05 06:30:00+00:00,0.20066936314105988
2026-03-05 06:45:00+00:00,0.20069141685962677
2026-03-05 07:00:00+00:00,0.20119060575962067
2026-03-05 07:15:00+00:00,0.20047056674957275
2026-03-05 07:30:00+00:00,0.19850344955921173
2026-03-05 07:45:00+00:00,0.19692714512348175
2026-03-05 08:00:00+00:00,0.1965695470571518
2026-03-05 08:15:00+00:00,0.1963271200656891
2026-03-05 08:30:00+00:00,0.19692270457744598
2026-03-05 08:45:00+00:00,0.19718268513679504
2026-03-05 09:00:00+00:00,0.1984507292509079
2026-03-05 09:15:00+00:00,0.19837936758995056
2026-03-05 09:30:00+00:00,0.1981845647096634
2026-03-05 09:45:00+00:00,0.19878864288330078
2026-03-05 10:00:00+00:00,0.198574036359787
2026-03-05 10:15:00+00:00,0.1989828497171402
2026-03-05 10:30:00+00:00,0.1997876614332199
2026-03-05 10:45:00+00:00,0.1996336728334427
2026-03-05 11:00:00+00:00,0.19870199263095856
2026-03-05 11:15:00+00:00,0.19801251590251923
2026-03-05 11:30:00+00:00,0.19667313992977142
2026-03-05 11:45:00+00:00,0.19690582156181335
2026-03-05 12:00:00+00:00,0.19697333872318268
2026-03-05 12:15:00+00:00,0.1971612274646759
2026-03-05 12:30:00+00:00,0.19798173010349274
2026-03-05 12:45:00+00:00,0.19787855446338654
2026-03-05 13:00:00+00:00,0.19737958908081055
2026-03-05 13:15:00+00:00,0.19810792803764343
2026-03-05 13:30:00+00:00,0.1967005729675293
2026-03-05 13:45:00+00:00,0.19733716547489166
2026-03-05 14:00:00+00:00,0.1980856955051422
2026-03-05 14:15:00+00:00,0.19846700131893158
2026-03-05 14:30:00+00:00,0.19921788573265076
2026-03-05 14:45:00+00:00,0.20058849453926086
2026-03-05 15:00:00+00:00,0.19772791862487793
2026-03-05 15:15:00+00:00,0.19871792197227478
2026-03-05 15:30:00+00:00,0.20153982937335968
2026-03-05 15:45:00+00:00,0.1998296082019806
2026-03-05 16:00:00+00:00,0.19689306616783142
2026-03-05 16:15:00+00:00,0.19437888264656067
2026-03-05 16:30:00+00:00,0.19557686150074005
2026-03-05 16:45:00+00:00,0.19521813094615936
2026-03-05 17:00:00+00:00,0.19557665288448334
2026-03-05 17:15:00+00:00,0.1947696954011917
2026-03-05 17:30:00+00:00,0.1935710459947586
2026-03-05 17:45:00+00:00,0.1929016411304474
2026-03-05 18:00:00+00:00,0.1927596926689148
2026-03-05 18:15:00+00:00,0.19333332777023315
2026-03-05 18:30:00+00:00,0.1936345398426056
2026-03-05 18:45:00+00:00,0.19398340582847595
2026-03-05 19:00:00+00:00,0.195417121052742
2026-03-05 19:15:00+00:00,0.19547174870967865
2026-03-05 19:30:00+00:00,0.1952124685049057
2026-03-05 19:45:00+00:00,0.19487698376178741
2026-03-05 20:00:00+00:00,0.19409562647342682
2026-03-05 20:15:00+00:00,0.19555513560771942
2026-03-05 20:30:00+00:00,0.1956971138715744
2026-03-05 20:45:00+00:00,0.1955404281616211
2026-03-05 21:00:00+00:00,0.1958487182855606
2026-03-05 21:15:00+00:00,0.19689448177814484
2026-03-05 21:30:00+00:00,0.19549065828323364
2026-03-05 21:45:00+00:00,0.19501465559005737
2026-03-05 22:00:00+00:00,0.19488130509853363
2026-03-05 22:15:00+00:00,0.19467762112617493
2026-03-05 22:30:00+00:00,0.19546771049499512
2026-03-05 22:45:00+00:00,0.1955784261226654
2026-03-05 23:00:00+00:00,0.1954769641160965
2026-03-05 23:15:00+00:00,0.19555611908435822
2026-03-05 23:30:00+00:00,0.1946011334657669
2026-03-05 23:45:00+00:00,0.19458268582820892
2026-03-06 00:00:00+00:00,0.1945439726114273
2026-03-06 00:15:00+00:00,0.1945967823266983
2026-03-06 00:30:00+00:00,0.19464293122291565
2026-03-06 00:45:00+00:00,0.19441990554332733
2026-03-06 01:00:00+00:00,0.19431252777576447
2026-03-06 01:15:00+00:00,0.19420015811920166
2026-03-06 01:30:00+00:00,0.19605545699596405
2026-03-06 01:45:00+00:00,0.19609814882278442
2026-03-06 02:00:00+00:00,0.19659443199634552
2026-03-06 02:15:00+00:00,0.19679081439971924
2026-03-06 02:30:00+00:00,0.19677342474460602
2026-03-06 02:45:00+00:00,0.19686876237392426
2026-03-06 03:00:00+00:00,0.19639071822166443
2026-03-06 03:15:00+00:00,0.19632293283939362
2026-03-06 03:30:00+00:00,0.19615714251995087
2026-03-06 03:45:00+00:00,0.19632741808891296
2026-03-06 04:00:00+00:00,0.19685879349708557
2026-03-06 04:15:00+00:00,0.19661247730255127
2026-03-06 04:30:00+00:00,0.19495859742164612
2026-03-06 04:45:00+00:00,0.19485197961330414
2026-03-06 05:00:00+00:00,0.19529438018798828
2026-03-06 05:15:00+00:00,0.19541245698928833
2026-03-06 05:30:00+00:00,0.1945865899324417
2026-03-06 05:45:00+00:00,0.1950412392616272
2026-03-06 06:00:00+00:00,0.19460874795913696
2026-03-06 06:15:00+00:00,0.19475923478603363
2026-03-06 06:30:00+00:00,0.19490085542201996
2026-03-06 06:45:00+00:00,0.19545254111289978
2026-03-06 07:00:00+00:00,0.19465507566928864
2026-03-06 07:15:00+00:00,0.19525796175003052
2026-03-06 07:30:00+00:00,0.19573558866977692
2026-03-06 07:45:00+00:00,0.19543512165546417
2026-03-06 08:00:00+00:00,0.19417807459831238
2026-03-06 08:15:00+00:00,0.19412624835968018
2026-03-06 08:30:00+00:00,0.1941116899251938
2026-03-06 08:45:00+00:00,0.19433480501174927
2026-03-06 09:00:00+00:00,0.19310854375362396
2026-03-06 09:15:00+00:00,0.19190916419029236
2026-03-06 09:30:00+00:00,0.19158895313739777
2026-03-06 09:45:00+00:00,0.19225677847862244
2026-03-06 10:00:00+00:00,0.1936163455247879
2026-03-06 10:15:00+00:00,0.1938358098268509
2026-03-06 10:30:00+00:00,0.19355840981006622
2026-03-06 10:45:00+00:00,0.1935797780752182
2026-03-06 11:00:00+00:00,0.19270382821559906
2026-03-06 11:15:00+00:00,0.1925021857023239
2026-03-06 11:30:00+00:00,0.19165562093257904
2026-03-06 11:45:00+00:00,0.1910431981086731
2026-03-06 12:00:00+00:00,0.1899077147245407
2026-03-06 12:15:00+00:00,0.19075311720371246
2026-03-06 12:30:00+00:00,0.1896594762802124
2026-03-06 12:45:00+00:00,0.19000548124313354
2026-03-06 13:00:00+00:00,0.19047421216964722
2026-03-06 13:15:00+00:00,0.1907983124256134
2026-03-06 13:30:00+00:00,0.19078712165355682
2026-03-06 13:45:00+00:00,0.1886657476425171
2026-03-06 14:00:00+00:00,0.18606115877628326
2026-03-06 14:15:00+00:00,0.18672090768814087
2026-03-06 14:30:00+00:00,0.18471014499664307
2026-03-06 14:45:00+00:00,0.1834924817085266
2026-03-06 15:00:00+00:00,0.18365390598773956
2026-03-06 15:15:00+00:00,0.184294193983078
2026-03-06 15:30:00+00:00,0.18456551432609558
2026-03-06 15:45:00+00:00,0.18416982889175415
2026-03-06 16:00:00+00:00,0.18366432189941406
2026-03-06 16:15:00+00:00,0.1840902417898178
2026-03-06 16:30:00+00:00,0.18378037214279175
2026-03-06 16:45:00+00:00,0.18323281407356262
2026-03-06 17:00:00+00:00,0.18378379940986633
2026-03-06 17:15:00+00:00,0.18291153013706207
2026-03-06 17:30:00+00:00,0.18152950704097748
2026-03-06 17:45:00+00:00,0.18258212506771088
2026-03-06 18:00:00+00:00,0.18353934586048126
2026-03-06 18:15:00+00:00,0.18431881070137024
2026-03-06 18:30:00+00:00,0.1854335367679596
2026-03-06 18:45:00+00:00,0.1853087842464447
2026-03-06 19:00:00+00:00,0.18604610860347748
2026-03-06 19:15:00+00:00,0.18567828834056854
2026-03-06 19:30:00+00:00,0.18531331419944763
2026-03-06 19:45:00+00:00,0.1850896179676056
2026-03-06 20:00:00+00:00,0.18516765534877777
2026-03-06 20:15:00+00:00,0.1850203424692154
2026-03-06 20:30:00+00:00,0.1849285066127777
2026-03-06 20:45:00+00:00,0.1848531812429428
2026-03-06 21:00:00+00:00,0.18491508066654205
2026-03-06 21:15:00+00:00,0.1841174215078354
2026-03-06 21:30:00+00:00,0.18460755050182343
2026-03-06 21:45:00+00:00,0.18464381992816925
2026-03-06 22:00:00+00:00,0.18454961478710175
2026-03-06 22:15:00+00:00,0.1844869703054428
2026-03-06 22:30:00+00:00,0.1840595155954361
2026-03-06 22:45:00+00:00,0.18407508730888367
2026-03-06 23:00:00+00:00,0.1836215704679489
2026-03-06 23:15:00+00:00,0.18364453315734863
2026-03-06 23:30:00+00:00,0.18352365493774414
2026-03-06 23:45:00+00:00,0.1835319846868515
2026-03-07 00:00:00+00:00,0.1836054027080536
2026-03-07 00:15:00+00:00,0.18361592292785645
2026-03-07 00:30:00+00:00,0.18369325995445251
2026-03-07 00:45:00+00:00,0.18373826146125793
2026-03-07 01:00:00+00:00,0.1834225058555603
2026-03-07 01:15:00+00:00,0.1828887015581131
2026-03-07 01:30:00+00:00,0.18262377381324768
2026-03-07 01:45:00+00:00,0.182608962059021
2026-03-07 02:00:00+00:00,0.18244785070419312
2026-03-07 02:15:00+00:00,0.18239296972751617
2026-03-07 02:30:00+00:00,0.18203797936439514
2026-03-07 02:45:00+00:00,0.18192684650421143
2026-03-07 03:00:00+00:00,0.1819053739309311
2026-03-07 03:15:00+00:00,0.18186241388320923
2026-03-07 03:30:00+00:00,0.18162956833839417
2026-03-07 03:45:00+00:00,0.18184852600097656
2026-03-07 04:00:00+00:00,0.18108884990215302
2026-03-07 04:15:00+00:00,0.1814156174659729
2026-03-07 04:30:00+00:00,0.182373508810997
2026-03-07 04:45:00+00:00,0.18241730332374573
2026-03-07 05:00:00+00:00,0.18245355784893036
2026-03-07 05:15:00+00:00,0.18246351182460785
2026-03-07 05:30:00+00:00,0.18241962790489197
2026-03-07 05:45:00+00:00,0.1824621707201004
2026-03-07 06:00:00+00:00,0.18192853033542633
2026-03-07 06:15:00+00:00,0.18157021701335907
2026-03-07 06:30:00+00:00,0.1804393231868744
2026-03-07 06:45:00+00:00,0.18040014803409576
2026-03-07 07:00:00+00:00,0.1796300709247589
2026-03-07 07:15:00+00:00,0.17966538667678833
2026-03-07 07:30:00+00:00,0.17947369813919067
2026-03-07 07:45:00+00:00,0.17987485229969025
2026-03-07 08:00:00+00:00,0.17956648766994476
2026-03-07 08:15:00+00:00,0.1802150309085846
2026-03-07 08:30:00+00:00,0.18020576238632202
2026-03-07 08:45:00+00:00,0.17994004487991333
2026-03-07 09:00:00+00:00,0.18006521463394165
2026-03-07 09:15:00+00:00,0.1805553287267685
2026-03-07 09:30:00+00:00,0.18052974343299866
2026-03-07 09:45:00+00:00,0.1805667132139206
2026-03-07 10:00:00+00:00,0.1806672066450119
2026-03-07 10:15:00+00:00,0.18057042360305786
2026-03-07 10:30:00+00:00,0.1805649995803833
2026-03-07 10:45:00+00:00,0.180423304438591
2026-03-07 11:00:00+00:00,0.18039816617965698
2026-03-07 11:15:00+00:00,0.180941641330719
2026-03-07 11:30:00+00:00,0.1804748922586441
2026-03-07 11:45:00+00:00,0.18038147687911987
2026-03-07 12:00:00+00:00,0.18029509484767914
2026-03-07 12:15:00+00:00,0.1803150475025177
2026-03-07 12:30:00+00:00,0.18027760088443756
2026-03-07 12:45:00+00:00,0.18004865944385529
2026-03-07 13:00:00+00:00,0.18040058016777039
2026-03-07 13:15:00+00:00,0.18060418963432312
2026-03-07 13:30:00+00:00,0.18130527436733246
2026-03-07 13:45:00+00:00,0.18121956288814545
2026-03-07 14:00:00+00:00,0.17938512563705444
2026-03-07 14:15:00+00:00,0.17939600348472595
2026-03-07 14:30:00+00:00,0.1802409440279007
2026-03-07 14:45:00+00:00,0.1798146516084671
2026-03-07 15:00:00+00:00,0.17949014902114868
2026-03-07 15:15:00+00:00,0.1792459487915039
2026-03-07 15:30:00+00:00,0.17896869778633118
2026-03-07 15:45:00+00:00,0.1786554455757141
2026-03-07 16:00:00+00:00,0.17868199944496155
2026-03-07 16:15:00+00:00,0.17861004173755646
2026-03-07 16:30:00+00:00,0.17854976654052734
2026-03-07 16:45:00+00:00,0.17893865704536438
2026-03-07 17:00:00+00:00,0.17945535480976105
2026-03-07 17:15:00+00:00,0.18034163117408752
2026-03-07 17:30:00+00:00,0.18041516840457916
2026-03-07 17:45:00+00:00,0.18042901158332825
2026-03-07 18:00:00+00:00,0.1788676381111145
2026-03-07 18:15:00+00:00,0.17884474992752075
2026-03-07 18:30:00+00:00,0.1789930909872055
2026-03-07 18:45:00+00:00,0.17886491119861603
2026-03-07 19:00:00+00:00,0.17886435985565186
2026-03-07 19:15:00+00:00,0.1784229278564453
2026-03-07 19:30:00+00:00,0.1787469983100891
2026-03-07 19:45:00+00:00,0.17785385251045227
2026-03-07 20:00:00+00:00,0.17792806029319763
2026-03-07 20:15:00+00:00,0.17804907262325287
2026-03-07 20:30:00+00:00,0.17789264023303986
2026-03-07 20:45:00+00:00,0.17791317403316498
2026-03-07 21:00:00+00:00,0.177961528301239
2026-03-07 21:15:00+00:00,0.17790576815605164
2026-03-07 21:30:00+00:00,0.17745766043663025
2026-03-07 21:45:00+00:00,0.1773890256881714
2026-03-07 22:00:00+00:00,0.17675016820430756
2026-03-07 22:15:00+00:00,0.17565956711769104
2026-03-07 22:30:00+00:00,0.17527571320533752
2026-03-07 22:45:00+00:00,0.1753160059452057
2026-03-07 23:00:00+00:00,0.17601321637630463
2026-03-07 23:15:00+00:00,0.17607249319553375
2026-03-07 23:30:00+00:00,0.17637257277965546
2026-03-07 23:45:00+00:00,0.1761997491121292
2026-03-08 00:00:00+00:00,0.1762947291135788
2026-03-08 00:15:00+00:00,0.17581287026405334
2026-03-08 00:30:00+00:00,0.17547650635242462
2026-03-08 00:45:00+00:00,0.17533515393733978
2026-03-08 01:00:00+00:00,0.17517882585525513
2026-03-08 01:15:00+00:00,0.1753946989774704
2026-03-08 01:30:00+00:00,0.1754312664270401
2026-03-08 01:45:00+00:00,0.17545178532600403
2026-03-08 02:00:00+00:00,0.17517918348312378
2026-03-08 02:15:00+00:00,0.17521171271800995
2026-03-08 02:30:00+00:00,0.17529821395874023
2026-03-08 02:45:00+00:00,0.17388206720352173
2026-03-08 03:00:00+00:00,0.17438286542892456
2026-03-08 03:15:00+00:00,0.17448507249355316
2026-03-08 03:30:00+00:00,0.17462727427482605
2026-03-08 03:45:00+00:00,0.17468172311782837
2026-03-08 04:00:00+00:00,0.17422594130039215
2026-03-08 04:15:00+00:00,0.17385882139205933
2026-03-08 04:30:00+00:00,0.17358945310115814
2026-03-08 04:45:00+00:00,0.17330379784107208
2026-03-08 05:00:00+00:00,0.17423342168331146
2026-03-08 05:15:00+00:00,0.1750905066728592
2026-03-08 05:30:00+00:00,0.17552000284194946
2026-03-08 05:45:00+00:00,0.1753668487071991
2026-03-08 06:00:00+00:00,0.17519918084144592
2026-03-08 06:15:00+00:00,0.1751730591058731
2026-03-08 06:30:00+00:00,0.17528603971004486
2026-03-08 06:45:00+00:00,0.1756095439195633
2026-03-08 07:00:00+00:00,0.17570488154888153
2026-03-08 07:15:00+00:00,0.17641814053058624
2026-03-08 07:30:00+00:00,0.17616623640060425
2026-03-08 07:45:00+00:00,0.1762908697128296
2026-03-08 08:00:00+00:00,0.17644324898719788
2026-03-08 08:15:00+00:00,0.1758153885602951
2026-03-08 08:30:00+00:00,0.1763393133878708
2026-03-08 08:45:00+00:00,0.17625992000102997
2026-03-08 09:00:00+00:00,0.17635197937488556
2026-03-08 09:15:00+00:00,0.1785445362329483
2026-03-08 09:30:00+00:00,0.1784439980983734
2026-03-08 09:45:00+00:00,0.17858214676380157
2026-03-08 10:00:00+00:00,0.17856767773628235
2026-03-08 10:15:00+00:00,0.17977070808410645
2026-03-08 10:30:00+00:00,0.17938227951526642
2026-03-08 10:45:00+00:00,0.17962093651294708
2026-03-08 11:00:00+00:00,0.17760713398456573
2026-03-08 11:15:00+00:00,0.1783146858215332
2026-03-08 11:30:00+00:00,0.17831742763519287
2026-03-08 11:45:00+00:00,0.178545743227005
2026-03-08 12:00:00+00:00,0.17769207060337067
2026-03-08 12:15:00+00:00,0.178608700633049
2026-03-08 12:30:00+00:00,0.17949450016021729
2026-03-08 12:45:00+00:00,0.1790148913860321
2026-03-08 13:00:00+00:00,0.17937475442886353
2026-03-08 13:15:00+00:00,0.17930462956428528
2026-03-08 13:30:00+00:00,0.17922958731651306
2026-03-08 13:45:00+00:00,0.17946259677410126
2026-03-08 14:00:00+00:00,0.18046031892299652
2026-03-08 14:15:00+00:00,0.17990605533123016
2026-03-08 14:30:00+00:00,0.18007943034172058
2026-03-08 14:45:00+00:00,0.18184643983840942
2026-03-08 15:00:00+00:00,0.17952167987823486
2026-03-08 15:15:00+00:00,0.1792876422405243
2026-03-08 15:30:00+00:00,0.17914307117462158
2026-03-08 15:45:00+00:00,0.17938263714313507
2026-03-08 16:00:00+00:00,0.17947222292423248
2026-03-08 16:15:00+00:00,0.1795440912246704
2026-03-08 16:30:00+00:00,0.17826372385025024
2026-03-08 16:45:00+00:00,0.17837083339691162
2026-03-08 17:00:00+00:00,0.18031464517116547
2026-03-08 17:15:00+00:00,0.18019221723079681
2026-03-08 17:30:00+00:00,0.1802929788827896
2026-03-08 17:45:00+00:00,0.18043681979179382
2026-03-08 18:00:00+00:00,0.17891766130924225
2026-03-08 18:15:00+00:00,0.17853716015815735
2026-03-08 18:30:00+00:00,0.179129496216774
2026-03-08 18:45:00+00:00,0.17933791875839233
2026-03-08 19:00:00+00:00,0.18039260804653168
2026-03-08 19:15:00+00:00,0.18249928951263428
2026-03-08 19:30:00+00:00,0.18191081285476685
2026-03-08 19:45:00+00:00,0.18110349774360657
2026-03-08 20:00:00+00:00,0.1805763691663742
2026-03-08 20:15:00+00:00,0.17997759580612183
2026-03-08 20:30:00+00:00,0.18056437373161316
2026-03-08 20:45:00+00:00,0.17975477874279022
2026-03-08 21:00:00+00:00,0.1789521425962448
2026-03-08 21:15:00+00:00,0.17945756018161774
2026-03-08 21:30:00+00:00,0.17957012355327606
2026-03-08 21:45:00+00:00,0.1793944537639618
2026-03-08 22:00:00+00:00,0.17750512063503265
2026-03-08 22:15:00+00:00,0.17720003426074982
2026-03-08 22:30:00+00:00,0.1790052354335785
2026-03-08 22:45:00+00:00,0.17918476462364197
2026-03-08 23:00:00+00:00,0.17942076921463013
2026-03-08 23:15:00+00:00,0.1795152872800827
2026-03-08 23:30:00+00:00,0.17870816588401794
2026-03-08 23:45:00+00:00,0.17839179933071136
2026-03-09 00:00:00+00:00,0.17901669442653656
2026-03-09 00:15:00+00:00,0.17893058061599731
2026-03-09 00:30:00+00:00,0.18033823370933533
2026-03-09 00:45:00+00:00,0.17958419024944305
2026-03-09 01:00:00+00:00,0.17901475727558136
2026-03-09 01:15:00+00:00,0.1795252412557602
2026-03-09 01:30:00+00:00,0.18043196201324463
2026-03-09 01:45:00+00:00,0.17980432510375977
2026-03-09 02:00:00+00:00,0.1793973445892334
2026-03-09 02:15:00+00:00,0.17858164012432098
2026-03-09 02:30:00+00:00,0.18044155836105347
2026-03-09 02:45:00+00:00,0.1800551414489746
2026-03-09 03:00:00+00:00,0.18131399154663086
2026-03-09 03:15:00+00:00,0.18061429262161255
2026-03-09 03:30:00+00:00,0.18041294813156128
2026-03-09 03:45:00+00:00,0.18051373958587646
2026-03-09 04:00:00+00:00,0.18064245581626892
2026-03-09 04:15:00+00:00,0.18132346868515015
2026-03-09 04:30:00+00:00,0.18153122067451477
2026-03-09 04:45:00+00:00,0.18099524080753326
2026-03-09 05:00:00+00:00,0.1805541068315506
2026-03-09 05:15:00+00:00,0.18137681484222412
2026-03-09 05:30:00+00:00,0.18308378756046295
2026-03-09 05:45:00+00:00,0.1838604062795639
2026-03-09 06:00:00+00:00,0.18347224593162537
2026-03-09 06:15:00+00:00,0.1832934468984604
2026-03-09 06:30:00+00:00,0.18290649354457855
2026-03-09 06:45:00+00:00,0.18237918615341187
2026-03-09 07:00:00+00:00,0.18199247121810913
2026-03-09 07:15:00+00:00,0.18247514963150024
2026-03-09 07:30:00+00:00,0.18301543593406677
2026-03-09 07:45:00+00:00,0.18325300514698029
2026-03-09 08:00:00+00:00,0.18373559415340424
2026-03-09 08:15:00+00:00,0.1843676120042801
2026-03-09 08:30:00+00:00,0.1839006394147873
2026-03-09 08:45:00+00:00,0.18363523483276367
2026-03-09 09:00:00+00:00,0.18282178044319153
2026-03-09 09:15:00+00:00,0.18297404050827026
2026-03-09 09:30:00+00:00,0.18391457200050354
2026-03-09 09:45:00+00:00,0.18325603008270264
2026-03-09 10:00:00+00:00,0.1830798089504242
2026-03-09 10:15:00+00:00,0.18333187699317932
2026-03-09 10:30:00+00:00,0.18310552835464478
2026-03-09 10:45:00+00:00,0.18312330543994904
2026-03-09 11:00:00+00:00,0.18352489173412323
2026-03-09 11:15:00+00:00,0.18264007568359375
2026-03-09 11:30:00+00:00,0.18296445906162262
2026-03-09 11:45:00+00:00,0.1832076907157898
2026-03-09 12:00:00+00:00,0.1834530532360077
2026-03-09 12:15:00+00:00,0.18430191278457642
2026-03-09 12:30:00+00:00,0.18410471081733704
2026-03-09 12:45:00+00:00,0.18397776782512665
2026-03-09 13:00:00+00:00,0.18487870693206787
2026-03-09 13:15:00+00:00,0.18599264323711395
2026-03-09 13:30:00+00:00,0.1869550198316574
2026-03-09 13:45:00+00:00,0.18745571374893188
2026-03-09 14:00:00+00:00,0.18636329472064972
2026-03-09 14:15:00+00:00,0.18728403747081757
2026-03-09 14:30:00+00:00,0.18721100687980652
2026-03-09 14:45:00+00:00,0.1871815174818039
2026-03-09 15:00:00+00:00,0.18762637674808502
2026-03-09 15:15:00+00:00,0.18744540214538574
2026-03-09 15:30:00+00:00,0.18628409504890442
2026-03-09 15:45:00+00:00,0.1871049851179123
2026-03-09 16:00:00+00:00,0.1876474767923355
2026-03-09 16:15:00+00:00,0.18839441239833832
2026-03-09 16:30:00+00:00,0.18719245493412018
2026-03-09 16:45:00+00:00,0.18614694476127625
2026-03-09 17:00:00+00:00,0.18717817962169647
2026-03-09 17:15:00+00:00,0.18718671798706055
2026-03-09 17:30:00+00:00,0.18742896616458893
2026-03-09 17:45:00+00:00,0.18739451467990875
2026-03-09 18:00:00+00:00,0.18560311198234558
2026-03-09 18:15:00+00:00,0.1864013969898224
2026-03-09 18:30:00+00:00,0.18684570491313934
2026-03-09 18:45:00+00:00,0.18628986179828644
2026-03-09 19:00:00+00:00,0.1864110380411148
2026-03-09 19:15:00+00:00,0.1897655874490738
2026-03-09 19:30:00+00:00,0.18793103098869324
2026-03-09 19:45:00+00:00,0.18742206692695618
2026-03-09 20:00:00+00:00,0.18766535818576813
2026-03-09 20:15:00+00:00,0.18716798722743988
2026-03-09 20:30:00+00:00,0.18659687042236328
2026-03-09 20:45:00+00:00,0.1869332194328308
2026-03-09 21:00:00+00:00,0.18745355308055878
2026-03-09 21:15:00+00:00,0.1869366616010666
2026-03-09 21:30:00+00:00,0.1863868087530136
2026-03-09 21:45:00+00:00,0.18619374930858612
2026-03-09 22:00:00+00:00,0.18525663018226624
2026-03-09 22:15:00+00:00,0.1850576400756836
2026-03-09 22:30:00+00:00,0.18412761390209198
2026-03-09 22:45:00+00:00,0.18337205052375793
2026-03-09 23:00:00+00:00,0.18348070979118347
2026-03-09 23:15:00+00:00,0.18332093954086304
2026-03-09 23:30:00+00:00,0.18337467312812805
2026-03-09 23:45:00+00:00,0.18323591351509094
2026-03-10 00:00:00+00:00,0.1832960546016693
2026-03-10 00:15:00+00:00,0.18449486792087555
2026-03-10 00:30:00+00:00,0.18572603166103363
2026-03-10 00:45:00+00:00,0.1852022260427475
2026-03-10 01:00:00+00:00,0.18506073951721191
2026-03-10 01:15:00+00:00,0.18501803278923035
2026-03-10 01:30:00+00:00,0.18429137766361237
2026-03-10 01:45:00+00:00,0.18542258441448212
2026-03-10 02:00:00+00:00,0.18511426448822021
2026-03-10 02:15:00+00:00,0.18555353581905365
2026-03-10 02:30:00+00:00,0.18677131831645966
2026-03-10 02:45:00+00:00,0.18665064871311188
2026-03-10 03:00:00+00:00,0.18644319474697113
2026-03-10 03:15:00+00:00,0.18667170405387878
2026-03-10 03:30:00+00:00,0.18631505966186523
2026-03-10 03:45:00+00:00,0.18500597774982452
2026-03-10 04:00:00+00:00,0.18457306921482086
2026-03-10 04:15:00+00:00,0.18457694351673126
2026-03-10 04:30:00+00:00,0.18435817956924438
2026-03-10 04:45:00+00:00,0.18440216779708862
2026-03-10 05:00:00+00:00,0.18409857153892517
2026-03-10 05:15:00+00:00,0.18382051587104797
2026-03-10 05:30:00+00:00,0.18264298141002655
2026-03-10 05:45:00+00:00,0.1830139309167862
2026-03-10 06:00:00+00:00,0.18336160480976105
2026-03-10 06:15:00+00:00,0.1838989406824112
2026-03-10 06:30:00+00:00,0.18443897366523743
2026-03-10 06:45:00+00:00,0.18456190824508667
2026-03-10 07:00:00+00:00,0.18506942689418793
2026-03-10 07:15:00+00:00,0.1854688674211502
2026-03-10 07:30:00+00:00,0.18538141250610352
2026-03-10 07:45:00+00:00,0.18553973734378815
2026-03-10 08:00:00+00:00,0.1861438751220703
2026-03-10 08:15:00+00:00,0.1859453320503235
2026-03-10 08:30:00+00:00,0.1863303780555725
2026-03-10 08:45:00+00:00,0.18617504835128784
2026-03-10 09:00:00+00:00,0.18643061816692352
2026-03-10 09:15:00+00:00,0.18734110891819
2026-03-10 09:30:00+00:00,0.18810443580150604
2026-03-10 09:45:00+00:00,0.18745005130767822
2026-03-10 10:00:00+00:00,0.18673719465732574
2026-03-10 10:15:00+00:00,0.18642860651016235
2026-03-10 10:30:00+00:00,0.18645793199539185
2026-03-10 10:45:00+00:00,0.18685227632522583
2026-03-10 11:00:00+00:00,0.1862921118736267
2026-03-10 11:15:00+00:00,0.18648584187030792
2026-03-10 11:30:00+00:00,0.1860925555229187
2026-03-10 11:45:00+00:00,0.1861792951822281
2026-03-10 12:00:00+00:00,0.18621043860912323
2026-03-10 12:15:00+00:00,0.18639305233955383
2026-03-10 12:30:00+00:00,0.18664558231830597
2026-03-10 12:45:00+00:00,0.18647007644176483
2026-03-10 13:00:00+00:00,0.18727481365203857
2026-03-10 13:15:00+00:00,0.18718834221363068
2026-03-10 13:30:00+00:00,0.18590566515922546
2026-03-10 13:45:00+00:00,0.18668603897094727
2026-03-10 14:00:00+00:00,0.18548522889614105
2026-03-10 14:15:00+00:00,0.18624331057071686
2026-03-10 14:30:00+00:00,0.18749971687793732
2026-03-10 14:45:00+00:00,0.18936361372470856
2026-03-10 15:00:00+00:00,0.18940363824367523
2026-03-10 15:15:00+00:00,0.18931017816066742
2026-03-10 15:30:00+00:00,0.18802843987941742
2026-03-10 15:45:00+00:00,0.18864654004573822
2026-03-10 16:00:00+00:00,0.18854016065597534
2026-03-10 16:15:00+00:00,0.189480260014534
2026-03-10 16:30:00+00:00,0.18944622576236725
2026-03-10 16:45:00+00:00,0.1903291940689087
2026-03-10 17:00:00+00:00,0.19007407128810883
2026-03-10 17:15:00+00:00,0.18948087096214294
2026-03-10 17:30:00+00:00,0.18947644531726837
2026-03-10 17:45:00+00:00,0.1895403116941452
2026-03-10 18:00:00+00:00,0.18892338871955872
2026-03-10 18:15:00+00:00,0.18722377717494965
2026-03-10 18:30:00+00:00,0.18715770542621613
2026-03-10 18:45:00+00:00,0.1869463175535202
2026-03-10 19:00:00+00:00,0.18699504435062408
2026-03-10 19:15:00+00:00,0.1861799657344818
2026-03-10 19:30:00+00:00,0.18610338866710663
2026-03-10 19:45:00+00:00,0.1861080378293991
2026-03-10 20:00:00+00:00,0.18653234839439392
2026-03-10 20:15:00+00:00,0.18656586110591888
2026-03-10 20:30:00+00:00,0.18652626872062683
2026-03-10 20:45:00+00:00,0.18642443418502808
2026-03-10 21:00:00+00:00,0.18647056818008423
2026-03-10 21:15:00+00:00,0.1864340901374817
2026-03-10 21:30:00+00:00,0.18576133251190186
2026-03-10 21:45:00+00:00,0.1858564019203186
2026-03-10 22:00:00+00:00,0.18558332324028015
2026-03-10 22:15:00+00:00,0.18631687760353088
2026-03-10 22:30:00+00:00,0.18639788031578064
2026-03-10 22:45:00+00:00,0.18631330132484436
2026-03-10 23:00:00+00:00,0.18637873232364655
2026-03-10 23:15:00+00:00,0.18613609671592712
2026-03-10 23:30:00+00:00,0.18649907410144806
2026-03-10 23:45:00+00:00,0.18627586960792542
2026-03-11 00:00:00+00:00,0.18626002967357635
2026-03-11 00:15:00+00:00,0.18668991327285767
2026-03-11 00:30:00+00:00,0.1858052909374237
2026-03-11 00:45:00+00:00,0.18606171011924744
2026-03-11 01:00:00+00:00,0.18604744970798492
2026-03-11 01:15:00+00:00,0.18612559139728546
2026-03-11 01:30:00+00:00,0.18632443249225616
2026-03-11 01:45:00+00:00,0.18662500381469727
2026-03-11 02:00:00+00:00,0.18611808121204376
2026-03-11 02:15:00+00:00,0.18632324039936066
2026-03-11 02:30:00+00:00,0.18606068193912506
2026-03-11 02:45:00+00:00,0.18614333868026733
2026-03-11 03:00:00+00:00,0.1863866150379181
2026-03-11 03:15:00+00:00,0.18607854843139648
2026-03-11 03:30:00+00:00,0.18627575039863586
2026-03-11 03:45:00+00:00,0.18621832132339478
2026-03-11 04:00:00+00:00,0.18565437197685242
2026-03-11 04:15:00+00:00,0.18613283336162567
2026-03-11 04:30:00+00:00,0.18570689857006073
2026-03-11 04:45:00+00:00,0.18615873157978058
2026-03-11 05:00:00+00:00,0.18596094846725464
2026-03-11 05:15:00+00:00,0.18532554805278778
2026-03-11 05:30:00+00:00,0.18467341363430023
2026-03-11 05:45:00+00:00,0.1848161220550537
2026-03-11 06:00:00+00:00,0.18469759821891785
2026-03-11 06:15:00+00:00,0.1853063553571701
2026-03-11 06:30:00+00:00,0.18556229770183563
2026-03-11 06:45:00+00:00,0.18573050200939178
2026-03-11 07:00:00+00:00,0.1855815052986145
2026-03-11 07:15:00+00:00,0.18560858070850372
2026-03-11 07:30:00+00:00,0.18457014858722687
2026-03-11 07:45:00+00:00,0.18461526930332184
2026-03-11 08:00:00+00:00,0.1845451295375824
2026-03-11 08:15:00+00:00,0.18450894951820374
2026-03-11 08:30:00+00:00,0.18451382219791412
2026-03-11 08:45:00+00:00,0.18444740772247314
2026-03-11 09:00:00+00:00,0.18441256880760193
2026-03-11 09:15:00+00:00,0.1844959408044815
2026-03-11 09:30:00+00:00,0.18446914851665497
2026-03-11 09:45:00+00:00,0.1846131831407547
2026-03-11 10:00:00+00:00,0.18481673300266266
2026-03-11 10:15:00+00:00,0.185258686542511
2026-03-11 10:30:00+00:00,0.1857270747423172
2026-03-11 10:45:00+00:00,0.1855660229921341
2026-03-11 11:00:00+00:00,0.18565237522125244
2026-03-11 11:15:00+00:00,0.18596188724040985
2026-03-11 11:30:00+00:00,0.18562594056129456
2026-03-11 11:45:00+00:00,0.18552452325820923
2026-03-11 12:00:00+00:00,0.1855403631925583
2026-03-11 12:15:00+00:00,0.18723271787166595
2026-03-11 12:30:00+00:00,0.18816877901554108
2026-03-11 12:45:00+00:00,0.1876644343137741
2026-03-11 13:00:00+00:00,0.18796893954277039
2026-03-11 13:15:00+00:00,0.18815281987190247
2026-03-11 13:30:00+00:00,0.18987542390823364
2026-03-11 13:45:00+00:00,0.1877787709236145
2026-03-11 14:00:00+00:00,0.18863415718078613
2026-03-11 14:15:00+00:00,0.18898005783557892
2026-03-11 14:30:00+00:00,0.18955421447753906
2026-03-11 14:45:00+00:00,0.1890401989221573
2026-03-11 15:00:00+00:00,0.1872381865978241
2026-03-11 15:15:00+00:00,0.1880638152360916
2026-03-11 15:30:00+00:00,0.18761061131954193
2026-03-11 15:45:00+00:00,0.18750007450580597
2026-03-11 16:00:00+00:00,0.18755649030208588
2026-03-11 16:15:00+00:00,0.18766923248767853
2026-03-11 16:30:00+00:00,0.1874757558107376
2026-03-11 16:45:00+00:00,0.18742136657238007
2026-03-11 17:00:00+00:00,0.18794666230678558
2026-03-11 17:15:00+00:00,0.18804742395877838
2026-03-11 17:30:00+00:00,0.18735671043395996
2026-03-11 17:45:00+00:00,0.1868959218263626
2026-03-11 18:00:00+00:00,0.1873837560415268
2026-03-11 18:15:00+00:00,0.18745477497577667
2026-03-11 18:30:00+00:00,0.1874043047428131
2026-03-11 18:45:00+00:00,0.1883980929851532
2026-03-11 19:00:00+00:00,0.18804295361042023
2026-03-11 19:15:00+00:00,0.18825113773345947
2026-03-11 19:30:00+00:00,0.18847067654132843
2026-03-11 19:45:00+00:00,0.18854036927223206
2026-03-11 20:00:00+00:00,0.18838918209075928
2026-03-11 20:15:00+00:00,0.18823644518852234
2026-03-11 20:30:00+00:00,0.18794718384742737
2026-03-11 20:45:00+00:00,0.18803638219833374
2026-03-11 21:00:00+00:00,0.18807515501976013
2026-03-11 21:15:00+00:00,0.18790380656719208
2026-03-11 21:30:00+00:00,0.18778318166732788
2026-03-11 21:45:00+00:00,0.18815454840660095
2026-03-11 22:00:00+00:00,0.18797174096107483
2026-03-11 22:15:00+00:00,0.18763355910778046
2026-03-11 22:30:00+00:00,0.18719825148582458
2026-03-11 22:45:00+00:00,0.1872556358575821
2026-03-11 23:00:00+00:00,0.18759135901927948
2026-03-11 23:15:00+00:00,0.18739034235477448
2026-03-11 23:30:00+00:00,0.1874869465827942
2026-03-11 23:45:00+00:00,0.18713682889938354
2026-03-12 00:00:00+00:00,0.18713116645812988
2026-03-12 00:15:00+00:00,0.1871539205312729
2026-03-12 00:30:00+00:00,0.18749845027923584
2026-03-12 00:45:00+00:00,0.18741434812545776
2026-03-12 01:00:00+00:00,0.18691501021385193
2026-03-12 01:15:00+00:00,0.18668115139007568
2026-03-12 01:30:00+00:00,0.18613389134407043
2026-03-12 01:45:00+00:00,0.18650779128074646
2026-03-12 02:00:00+00:00,0.1869899034500122
2026-03-12 02:15:00+00:00,0.1869545876979828
2026-03-12 02:30:00+00:00,0.18628591299057007
2026-03-12 02:45:00+00:00,0.18574948608875275
2026-03-12 03:00:00+00:00,0.18599943816661835
2026-03-12 03:15:00+00:00,0.18581469357013702
2026-03-12 03:30:00+00:00,0.1859673261642456
2026-03-12 03:45:00+00:00,0.1854739785194397
2026-03-12 04:00:00+00:00,0.18525323271751404
2026-03-12 04:15:00+00:00,0.1850767731666565
2026-03-12 04:30:00+00:00,0.18544015288352966
2026-03-12 04:45:00+00:00,0.18532785773277283
2026-03-12 05:00:00+00:00,0.18540386855602264
2026-03-12 05:15:00+00:00,0.18480372428894043
2026-03-12 05:30:00+00:00,0.18494895100593567
2026-03-12 05:45:00+00:00,0.18488933145999908
2026-03-12 06:00:00+00:00,0.18511493504047394
2026-03-12 06:15:00+00:00,0.18529891967773438
2026-03-12 06:30:00+00:00,0.1851726472377777
2026-03-12 06:45:00+00:00,0.18550778925418854
2026-03-12 07:00:00+00:00,0.18557290732860565
2026-03-12 07:15:00+00:00,0.1858828216791153
2026-03-12 07:30:00+00:00,0.186534583568573
2026-03-12 07:45:00+00:00,0.18662399053573608
2026-03-12 08:00:00+00:00,0.1864423304796219
2026-03-12 08:15:00+00:00,0.18688738346099854
2026-03-12 08:30:00+00:00,0.18601086735725403
2026-03-12 08:45:00+00:00,0.18635019659996033
2026-03-12 09:00:00+00:00,0.18632614612579346
2026-03-12 09:15:00+00:00,0.1860773265361786
2026-03-12 09:30:00+00:00,0.18672721087932587
2026-03-12 09:45:00+00:00,0.187460258603096
2026-03-12 10:00:00+00:00,0.18757057189941406
2026-03-12 10:15:00+00:00,0.18772464990615845
2026-03-12 10:30:00+00:00,0.1882387101650238
2026-03-12 10:45:00+00:00,0.18792420625686646
2026-03-12 11:00:00+00:00,0.1873612254858017
2026-03-12 11:15:00+00:00,0.18711473047733307
2026-03-12 11:30:00+00:00,0.18695878982543945
2026-03-12 11:45:00+00:00,0.18595059216022491
2026-03-12 12:00:00+00:00,0.18587861955165863
2026-03-12 12:15:00+00:00,0.18650522828102112
2026-03-12 12:30:00+00:00,0.18667766451835632
2026-03-12 12:45:00+00:00,0.18673577904701233
2026-03-12 13:00:00+00:00,0.1867556869983673
2026-03-12 13:15:00+00:00,0.18608301877975464
2026-03-12 13:30:00+00:00,0.18648365139961243
2026-03-12 13:45:00+00:00,0.18567410111427307
2026-03-12 14:00:00+00:00,0.1865270733833313
2026-03-12 14:15:00+00:00,0.1848694086074829
2026-03-12 14:30:00+00:00,0.18419663608074188
2026-03-12 14:45:00+00:00,0.1848851889371872
2026-03-12 15:00:00+00:00,0.18537482619285583
2026-03-12 15:15:00+00:00,0.18637573719024658
2026-03-12 15:30:00+00:00,0.18653863668441772
2026-03-12 15:45:00+00:00,0.18633906543254852
2026-03-12 16:00:00+00:00,0.18603377044200897
2026-03-12 16:15:00+00:00,0.18686360120773315
2026-03-12 16:30:00+00:00,0.1872553676366806
2026-03-12 16:45:00+00:00,0.18699494004249573
2026-03-12 17:00:00+00:00,0.1865997463464737
2026-03-12 17:15:00+00:00,0.18639807403087616
2026-03-12 17:30:00+00:00,0.18703234195709229
2026-03-12 17:45:00+00:00,0.1870381087064743
2026-03-12 18:00:00+00:00,0.18717893958091736
2026-03-12 18:15:00+00:00,0.18698571622371674
2026-03-12 18:30:00+00:00,0.18732230365276337
2026-03-12 18:45:00+00:00,0.18708157539367676
2026-03-12 19:00:00+00:00,0.187379390001297
2026-03-12 19:15:00+00:00,0.1886185109615326
2026-03-12 19:30:00+00:00,0.18872565031051636
2026-03-12 19:45:00+00:00,0.18888814747333527
2026-03-12 20:00:00+00:00,0.18838289380073547
2026-03-12 20:15:00+00:00,0.18753565847873688
2026-03-12 20:30:00+00:00,0.18658143281936646
2026-03-12 20:45:00+00:00,0.1864067167043686
2026-03-12 21:00:00+00:00,0.1865379363298416
2026-03-12 21:15:00+00:00,0.18663838505744934
2026-03-12 21:30:00+00:00,0.18689307570457458
2026-03-12 21:45:00+00:00,0.18741679191589355
2026-03-12 22:00:00+00:00,0.1885700225830078
2026-03-12 22:15:00+00:00,0.18859468400478363
2026-03-12 22:30:00+00:00,0.18853618204593658
2026-03-12 22:45:00+00:00,0.1884717345237732
2026-03-12 23:00:00+00:00,0.18932318687438965
2026-03-12 23:15:00+00:00,0.18885362148284912
2026-03-12 23:30:00+00:00,0.18862584233283997
2026-03-12 23:45:00+00:00,0.1886889785528183
2026-03-13 00:00:00+00:00,0.18791912496089935
2026-03-13 00:15:00+00:00,0.19070327281951904
2026-03-13 00:30:00+00:00,0.19020621478557587
2026-03-13 00:45:00+00:00,0.18929444253444672
2026-03-13 01:00:00+00:00,0.19036895036697388
2026-03-13 01:15:00+00:00,0.18963614106178284
2026-03-13 01:30:00+00:00,0.19006018340587616
2026-03-13 01:45:00+00:00,0.19132721424102783
2026-03-13 02:00:00+00:00,0.19138965010643005
2026-03-13 02:15:00+00:00,0.19117973744869232
2026-03-13 02:30:00+00:00,0.19121409952640533
2026-03-13 02:45:00+00:00,0.19140450656414032
2026-03-13 03:00:00+00:00,0.1922256201505661
2026-03-13 03:15:00+00:00,0.1926165372133255
2026-03-13 03:30:00+00:00,0.19241805374622345
2026-03-13 03:45:00+00:00,0.1938452571630478
2026-03-13 04:00:00+00:00,0.19366149604320526
2026-03-13 04:15:00+00:00,0.1930045634508133
2026-03-13 04:30:00+00:00,0.1927976757287979
2026-03-13 04:45:00+00:00,0.19242262840270996
2026-03-13 05:00:00+00:00,0.19229719042778015
2026-03-13 05:15:00+00:00,0.19246776401996613
2026-03-13 05:30:00+00:00,0.19269324839115143
2026-03-13 05:45:00+00:00,0.19250747561454773
2026-03-13 06:00:00+00:00,0.19243206083774567
2026-03-13 06:15:00+00:00,0.1918889731168747
2026-03-13 06:30:00+00:00,0.19154711067676544
2026-03-13 06:45:00+00:00,0.19185808300971985
2026-03-13 07:00:00+00:00,0.1917806714773178
2026-03-13 07:15:00+00:00,0.19187848269939423
2026-03-13 07:30:00+00:00,0.19165606796741486
2026-03-13 07:45:00+00:00,0.19240063428878784
2026-03-13 08:00:00+00:00,0.19201450049877167
2026-03-13 08:15:00+00:00,0.1923120617866516
2026-03-13 08:30:00+00:00,0.19396239519119263
2026-03-13 08:45:00+00:00,0.19292736053466797
2026-03-13 09:00:00+00:00,0.19334132969379425
2026-03-13 09:15:00+00:00,0.19370877742767334
2026-03-13 09:30:00+00:00,0.19517742097377777
2026-03-13 09:45:00+00:00,0.19532063603401184
2026-03-13 10:00:00+00:00,0.19521573185920715
2026-03-13 10:15:00+00:00,0.19528155028820038
2026-03-13 10:30:00+00:00,0.19556425511837006
2026-03-13 10:45:00+00:00,0.19544917345046997
2026-03-13 11:00:00+00:00,0.1956213414669037
2026-03-13 11:15:00+00:00,0.19549238681793213
2026-03-13 11:30:00+00:00,0.1951950639486313
2026-03-13 11:45:00+00:00,0.19536727666854858
2026-03-13 12:00:00+00:00,0.19441257417201996
2026-03-13 12:15:00+00:00,0.194225013256073
2026-03-13 12:30:00+00:00,0.19449292123317719
2026-03-13 12:45:00+00:00,0.19578489661216736
2026-03-13 13:00:00+00:00,0.19571612775325775
2026-03-13 13:15:00+00:00,0.1972392201423645
2026-03-13 13:30:00+00:00,0.1972915679216385
2026-03-13 13:45:00+00:00,0.19729621708393097
2026-03-13 14:00:00+00:00,0.1966843158006668
2026-03-13 14:15:00+00:00,0.19657562673091888
2026-03-13 14:30:00+00:00,0.1955755203962326
2026-03-13 14:45:00+00:00,0.1937360167503357
2026-03-13 15:00:00+00:00,0.1953050047159195
2026-03-13 15:15:00+00:00,0.19520673155784607
2026-03-13 15:30:00+00:00,0.19431094825267792
2026-03-13 15:45:00+00:00,0.19388017058372498
2026-03-13 16:00:00+00:00,0.19354137778282166
2026-03-13 16:15:00+00:00,0.19330339133739471
2026-03-13 16:30:00+00:00,0.19508986175060272
2026-03-13 16:45:00+00:00,0.19495825469493866
2026-03-13 17:00:00+00:00,0.19498789310455322
2026-03-13 17:15:00+00:00,0.19465422630310059
2026-03-13 17:30:00+00:00,0.1930813044309616
2026-03-13 17:45:00+00:00,0.19249829649925232
2026-03-13 18:00:00+00:00,0.1924724578857422
2026-03-13 18:15:00+00:00,0.1917068362236023
2026-03-13 18:30:00+00:00,0.19223900139331818
2026-03-13 18:45:00+00:00,0.19192396104335785
2026-03-13 19:00:00+00:00,0.19184911251068115
2026-03-13 19:15:00+00:00,0.19134482741355896
2026-03-13 19:30:00+00:00,0.19113527238368988
2026-03-13 19:45:00+00:00,0.1913059949874878
2026-03-13 20:00:00+00:00,0.19124296307563782
2026-03-13 20:15:00+00:00,0.19146259129047394
2026-03-13 20:30:00+00:00,0.1913316249847412
2026-03-13 20:45:00+00:00,0.191526859998703
2026-03-13 21:00:00+00:00,0.19183644652366638
2026-03-13 21:15:00+00:00,0.19134856760501862
2026-03-13 21:30:00+00:00,0.19026604294776917
2026-03-13 21:45:00+00:00,0.1906840205192566
2026-03-13 22:00:00+00:00,0.18900108337402344
2026-03-13 22:15:00+00:00,0.18795137107372284
2026-03-13 22:30:00+00:00,0.18812793493270874
2026-03-13 22:45:00+00:00,0.18814466893672943
2026-03-13 23:00:00+00:00,0.1882856786251068
2026-03-13 23:15:00+00:00,0.18874907493591309
2026-03-13 23:30:00+00:00,0.18837308883666992
2026-03-13 23:45:00+00:00,0.18830549716949463
2026-03-14 00:00:00+00:00,0.18786290287971497
2026-03-14 00:15:00+00:00,0.18779857456684113
2026-03-14 00:30:00+00:00,0.18737322092056274
2026-03-14 00:45:00+00:00,0.18690186738967896
2026-03-14 01:00:00+00:00,0.18682530522346497
2026-03-14 01:15:00+00:00,0.18732832372188568
2026-03-14 01:30:00+00:00,0.18725807964801788
2026-03-14 01:45:00+00:00,0.18828049302101135
2026-03-14 02:00:00+00:00,0.1878785789012909
2026-03-14 02:15:00+00:00,0.18780352175235748
2026-03-14 02:30:00+00:00,0.18785876035690308
2026-03-14 02:45:00+00:00,0.18831691145896912
2026-03-14 03:00:00+00:00,0.18834491074085236
2026-03-14 03:15:00+00:00,0.18843761086463928
2026-03-14 03:30:00+00:00,0.18835440278053284
2026-03-14 03:45:00+00:00,0.1883547008037567
2026-03-14 04:00:00+00:00,0.18864639103412628
2026-03-14 04:15:00+00:00,0.1887059062719345
2026-03-14 04:30:00+00:00,0.18943895399570465
2026-03-14 04:45:00+00:00,0.18867257237434387
2026-03-14 05:00:00+00:00,0.18799379467964172
2026-03-14 05:15:00+00:00,0.1879018247127533
2026-03-14 05:30:00+00:00,0.18753087520599365
2026-03-14 05:45:00+00:00,0.18759611248970032
2026-03-14 06:00:00+00:00,0.18749138712882996
2026-03-14 06:15:00+00:00,0.1867394745349884
2026-03-14 06:30:00+00:00,0.18615323305130005
2026-03-14 06:45:00+00:00,0.18720126152038574
2026-03-14 07:00:00+00:00,0.1871572881937027
2026-03-14 07:15:00+00:00,0.18719957768917084
2026-03-14 07:30:00+00:00,0.18663202226161957
2026-03-14 07:45:00+00:00,0.18658284842967987
2026-03-14 08:00:00+00:00,0.1866457462310791
2026-03-14 08:15:00+00:00,0.1866106241941452
2026-03-14 08:30:00+00:00,0.18613113462924957
2026-03-14 08:45:00+00:00,0.18617767095565796
2026-03-14 09:00:00+00:00,0.1865227371454239
2026-03-14 09:15:00+00:00,0.18637560307979584
2026-03-14 09:30:00+00:00,0.18646056950092316
2026-03-14 09:45:00+00:00,0.1863170713186264
2026-03-14 10:00:00+00:00,0.18593178689479828
2026-03-14 10:15:00+00:00,0.18554121255874634
2026-03-14 10:30:00+00:00,0.18560239672660828
2026-03-14 10:45:00+00:00,0.18539610505104065
2026-03-14 11:00:00+00:00,0.18572168052196503
2026-03-14 11:15:00+00:00,0.18624866008758545
2026-03-14 11:30:00+00:00,0.18654118478298187
2026-03-14 11:45:00+00:00,0.18698878586292267
2026-03-14 12:00:00+00:00,0.18691404163837433
2026-03-14 12:15:00+00:00,0.18699194490909576
2026-03-14 12:30:00+00:00,0.186470627784729
2026-03-14 12:45:00+00:00,0.18663789331912994
2026-03-14 13:00:00+00:00,0.18667367100715637
2026-03-14 13:15:00+00:00,0.1870720386505127
2026-03-14 13:30:00+00:00,0.18706195056438446
2026-03-14 13:45:00+00:00,0.18741901218891144
2026-03-14 14:00:00+00:00,0.1878381222486496
2026-03-14 14:15:00+00:00,0.18761436641216278
2026-03-14 14:30:00+00:00,0.1873255968093872
2026-03-14 14:45:00+00:00,0.1869337409734726
2026-03-14 15:00:00+00:00,0.18664544820785522
2026-03-14 15:15:00+00:00,0.1865999400615692
2026-03-14 15:30:00+00:00,0.1860451102256775
2026-03-14 15:45:00+00:00,0.18635448813438416
2026-03-14 16:00:00+00:00,0.18657523393630981
2026-03-14 16:15:00+00:00,0.1868579238653183
2026-03-14 16:30:00+00:00,0.18741226196289062
2026-03-14 16:45:00+00:00,0.1874878853559494
2026-03-14 17:00:00+00:00,0.1873863935470581
2026-03-14 17:15:00+00:00,0.18740984797477722
2026-03-14 17:30:00+00:00,0.18725773692131042
2026-03-14 17:45:00+00:00,0.1870625615119934
2026-03-14 18:00:00+00:00,0.18718309700489044
2026-03-14 18:15:00+00:00,0.18717306852340698
2026-03-14 18:30:00+00:00,0.18738169968128204
2026-03-14 18:45:00+00:00,0.18746508657932281
2026-03-14 19:00:00+00:00,0.1871858835220337
2026-03-14 19:15:00+00:00,0.18728506565093994
2026-03-14 19:30:00+00:00,0.18765252828598022
2026-03-14 19:45:00+00:00,0.18757781386375427
2026-03-14 20:00:00+00:00,0.18673591315746307
2026-03-14 20:15:00+00:00,0.18671713769435883
2026-03-14 20:30:00+00:00,0.18692483007907867
2026-03-14 20:45:00+00:00,0.18693242967128754
2026-03-14 21:00:00+00:00,0.1868799924850464
2026-03-14 21:15:00+00:00,0.1869111955165863
2026-03-14 21:30:00+00:00,0.18675518035888672
2026-03-14 21:45:00+00:00,0.18757463991641998
2026-03-14 22:00:00+00:00,0.1875520795583725
2026-03-14 22:15:00+00:00,0.18782423436641693
2026-03-14 22:30:00+00:00,0.1890479326248169
2026-03-14 22:45:00+00:00,0.19188418984413147
2026-03-14 23:00:00+00:00,0.19199353456497192
2026-03-14 23:15:00+00:00,0.19305934011936188
2026-03-14 23:30:00+00:00,0.1927921324968338
2026-03-14 23:45:00+00:00,0.19261926412582397
2026-03-15 00:00:00+00:00,0.19238215684890747
2026-03-15 00:15:00+00:00,0.19060052931308746
2026-03-15 00:30:00+00:00,0.19050617516040802
2026-03-15 00:45:00+00:00,0.19048812985420227
2026-03-15 01:00:00+00:00,0.19157572090625763
2026-03-15 01:15:00+00:00,0.1927022933959961
2026-03-15 01:30:00+00:00,0.19361498951911926
2026-03-15 01:45:00+00:00,0.1949516236782074
2026-03-15 02:00:00+00:00,0.19657336175441742
2026-03-15 02:15:00+00:00,0.1988334208726883
2026-03-15 02:30:00+00:00,0.20013166964054108
2026-03-15 02:45:00+00:00,0.20356595516204834
2026-03-15 03:00:00+00:00,0.20391477644443512
2026-03-15 03:15:00+00:00,0.20200097560882568
2026-03-15 03:30:00+00:00,0.1990959793329239
2026-03-15 03:45:00+00:00,0.19928079843521118
2026-03-15 04:00:00+00:00,0.20108236372470856
2026-03-15 04:15:00+00:00,0.19847506284713745
2026-03-15 04:30:00+00:00,0.2013295739889145
2026-03-15 04:45:00+00:00,0.20250605046749115
2026-03-15 05:00:00+00:00,0.2024269998073578
2026-03-15 05:15:00+00:00,0.20403435826301575
2026-03-15 05:30:00+00:00,0.2074347585439682
2026-03-15 05:45:00+00:00,0.20539851486682892
2026-03-15 06:00:00+00:00,0.20527704060077667
2026-03-15 06:15:00+00:00,0.20397964119911194
2026-03-15 06:30:00+00:00,0.20370543003082275
2026-03-15 06:45:00+00:00,0.2025189995765686
2026-03-15 07:00:00+00:00,0.1988307386636734
2026-03-15 07:15:00+00:00,0.19883112609386444
2026-03-15 07:30:00+00:00,0.19951128959655762
2026-03-15 07:45:00+00:00,0.19926626980304718
2026-03-15 08:00:00+00:00,0.20029129087924957
2026-03-15 08:15:00+00:00,0.20029403269290924
2026-03-15 08:30:00+00:00,0.20075899362564087
2026-03-15 08:45:00+00:00,0.20019413530826569
2026-03-15 09:00:00+00:00,0.201196551322937
2026-03-15 09:15:00+00:00,0.20042292773723602
2026-03-15 09:30:00+00:00,0.1995474398136139
2026-03-15 09:45:00+00:00,0.20093344151973724
2026-03-15 10:00:00+00:00,0.19949442148208618
2026-03-15 10:15:00+00:00,0.20059834420681
2026-03-15 10:30:00+00:00,0.20026108622550964
2026-03-15 10:45:00+00:00,0.20249560475349426
2026-03-15 11:00:00+00:00,0.20381838083267212
2026-03-15 11:15:00+00:00,0.20204472541809082
2026-03-15 11:30:00+00:00,0.20037268102169037
2026-03-15 11:45:00+00:00,0.20140787959098816
2026-03-15 12:00:00+00:00,0.2026335746049881
2026-03-15 12:15:00+00:00,0.20404855906963348
2026-03-15 12:30:00+00:00,0.20559096336364746
2026-03-15 12:45:00+00:00,0.20491915941238403
2026-03-15 13:00:00+00:00,0.20450139045715332
2026-03-15 13:15:00+00:00,0.2042423039674759
2026-03-15 13:30:00+00:00,0.20673868060112
2026-03-15 13:45:00+00:00,0.20658500492572784
2026-03-15 14:00:00+00:00,0.20687493681907654
2026-03-15 14:15:00+00:00,0.20423421263694763
2026-03-15 14:30:00+00:00,0.2031511813402176
2026-03-15 14:45:00+00:00,0.20217059552669525
2026-03-15 15:00:00+00:00,0.20233117043972015
2026-03-15 15:15:00+00:00,0.20038869976997375
2026-03-15 15:30:00+00:00,0.20058338344097137
2026-03-15 15:45:00+00:00,0.2025619000196457
2026-03-15 16:00:00+00:00,0.20683060586452484
2026-03-15 16:15:00+00:00,0.20900017023086548
2026-03-15 16:30:00+00:00,0.2079915851354599
2026-03-15 16:45:00+00:00,0.2097105085849762
2026-03-15 17:00:00+00:00,0.21096143126487732
2026-03-15 17:15:00+00:00,0.21977297961711884
2026-03-15 17:30:00+00:00,0.21261140704154968
2026-03-15 17:45:00+00:00,0.21344347298145294
2026-03-15 18:00:00+00:00,0.21782159805297852
2026-03-15 18:15:00+00:00,0.21572130918502808
2026-03-15 18:30:00+00:00,0.21644604206085205
2026-03-15 18:45:00+00:00,0.21329842507839203
2026-03-15 19:00:00+00:00,0.2172842025756836
2026-03-15 19:15:00+00:00,0.21623945236206055
2026-03-15 19:30:00+00:00,0.21780763566493988
2026-03-15 19:45:00+00:00,0.2220999002456665
2026-03-15 20:00:00+00:00,0.22238031029701233
2026-03-15 20:15:00+00:00,0.21934905648231506
2026-03-15 20:30:00+00:00,0.22225581109523773
2026-03-15 20:45:00+00:00,0.22179821133613586
2026-03-15 21:00:00+00:00,0.21888738870620728
2026-03-15 21:15:00+00:00,0.21500566601753235
2026-03-15 21:30:00+00:00,0.21444854140281677
2026-03-15 21:45:00+00:00,0.21390560269355774
2026-03-15 22:00:00+00:00,0.20959390699863434
2026-03-15 22:15:00+00:00,0.21129301190376282
2026-03-15 22:30:00+00:00,0.21211133897304535
2026-03-15 22:45:00+00:00,0.21254295110702515
2026-03-15 23:00:00+00:00,0.21163058280944824
2026-03-15 23:15:00+00:00,0.212202250957489
2026-03-15 23:30:00+00:00,0.21135522425174713
2026-03-15 23:45:00+00:00,0.21234677731990814
2026-03-16 00:00:00+00:00,0.2135060876607895
2026-03-16 00:15:00+00:00,0.21335941553115845
2026-03-16 00:30:00+00:00,0.2125428467988968
2026-03-16 00:45:00+00:00,0.21271191537380219
2026-03-16 01:00:00+00:00,0.2120014727115631
2026-03-16 01:15:00+00:00,0.21219079196453094
2026-03-16 01:30:00+00:00,0.211321622133255
2026-03-16 01:45:00+00:00,0.2125777006149292
2026-03-16 02:00:00+00:00,0.2125043272972107
2026-03-16 02:15:00+00:00,0.21136055886745453
2026-03-16 02:30:00+00:00,0.2126585990190506
2026-03-16 02:45:00+00:00,0.21491411328315735
2026-03-16 03:00:00+00:00,0.21818631887435913
2026-03-16 03:15:00+00:00,0.21748137474060059
2026-03-16 03:30:00+00:00,0.22028866410255432
2026-03-16 03:45:00+00:00,0.21866686642169952
2026-03-16 04:00:00+00:00,0.2186015397310257
2026-03-16 04:15:00+00:00,0.21764160692691803
2026-03-16 04:30:00+00:00,0.21854647994041443
2026-03-16 04:45:00+00:00,0.22418415546417236
2026-03-16 05:00:00+00:00,0.22397473454475403
2026-03-16 05:15:00+00:00,0.22156189382076263
2026-03-16 05:30:00+00:00,0.22056511044502258
2026-03-16 05:45:00+00:00,0.2197749763727188
2026-03-16 06:00:00+00:00,0.21817710995674133
2026-03-16 06:15:00+00:00,0.21961519122123718
2026-03-16 06:30:00+00:00,0.22048351168632507
2026-03-16 06:45:00+00:00,0.2188282161951065
2026-03-16 07:00:00+00:00,0.2196829617023468
2026-03-16 07:15:00+00:00,0.21959932148456573
2026-03-16 07:30:00+00:00,0.22051377594470978
2026-03-16 07:45:00+00:00,0.22007107734680176
2026-03-16 08:00:00+00:00,0.22058653831481934
2026-03-16 08:15:00+00:00,0.21799731254577637
2026-03-16 08:30:00+00:00,0.21729709208011627
2026-03-16 08:45:00+00:00,0.21630045771598816
2026-03-16 09:00:00+00:00,0.2181335836648941
2026-03-16 09:15:00+00:00,0.22018103301525116
2026-03-16 09:30:00+00:00,0.21994303166866302
2026-03-16 09:45:00+00:00,0.22024323046207428
2026-03-16 10:00:00+00:00,0.22368456423282623
2026-03-16 10:15:00+00:00,0.223744735121727
2026-03-16 10:30:00+00:00,0.22420082986354828
2026-03-16 10:45:00+00:00,0.22605153918266296
2026-03-16 11:00:00+00:00,0.22115787863731384
2026-03-16 11:15:00+00:00,0.21971029043197632
2026-03-16 11:30:00+00:00,0.21953964233398438
2026-03-16 11:45:00+00:00,0.21850967407226562
2026-03-16 12:00:00+00:00,0.21768879890441895
2026-03-16 12:15:00+00:00,0.21945828199386597
2026-03-16 12:30:00+00:00,0.21915476024150848
2026-03-16 12:45:00+00:00,0.22008363902568817
2026-03-16 13:00:00+00:00,0.21927553415298462
2026-03-16 13:15:00+00:00,0.21849656105041504
2026-03-16 13:30:00+00:00,0.21916289627552032
2026-03-16 13:45:00+00:00,0.21860137581825256
2026-03-16 14:00:00+00:00,0.218917578458786
2026-03-16 14:15:00+00:00,0.21737946569919586
2026-03-16 14:30:00+00:00,0.21426938474178314
2026-03-16 14:45:00+00:00,0.21531938016414642
2026-03-16 15:00:00+00:00,0.21565885841846466
2026-03-16 15:15:00+00:00,0.2156621664762497
2026-03-16 15:30:00+00:00,0.21632935106754303
2026-03-16 15:45:00+00:00,0.21644628047943115
2026-03-16 16:00:00+00:00,0.21806369721889496
2026-03-16 16:15:00+00:00,0.21932539343833923
2026-03-16 16:30:00+00:00,0.22338895499706268
2026-03-16 16:45:00+00:00,0.22294963896274567
2026-03-16 17:00:00+00:00,0.22384026646614075
2026-03-16 17:15:00+00:00,0.22719913721084595
2026-03-16 17:30:00+00:00,0.22650828957557678
2026-03-16 17:45:00+00:00,0.22644591331481934
2026-03-16 18:00:00+00:00,0.22422780096530914
2026-03-16 18:15:00+00:00,0.22447682917118073
2026-03-16 18:30:00+00:00,0.22511067986488342
2026-03-16 18:45:00+00:00,0.22589951753616333
2026-03-16 19:00:00+00:00,0.22451353073120117
2026-03-16 19:15:00+00:00,0.22372150421142578
2026-03-16 19:30:00+00:00,0.2234676331281662
2026-03-16 19:45:00+00:00,0.22311027348041534
2026-03-16 20:00:00+00:00,0.22365285456180573
2026-03-16 20:15:00+00:00,0.2253800332546234
2026-03-16 20:30:00+00:00,0.2245539277791977
2026-03-16 20:45:00+00:00,0.22473542392253876
2026-03-16 21:00:00+00:00,0.22530941665172577
2026-03-16 21:15:00+00:00,0.22608160972595215
2026-03-16 21:30:00+00:00,0.22835366427898407
2026-03-16 21:45:00+00:00,0.228742316365242
2026-03-16 22:00:00+00:00,0.23492011427879333
2026-03-16 22:15:00+00:00,0.23292306065559387
2026-03-16 22:30:00+00:00,0.23445293307304382
2026-03-16 22:45:00+00:00,0.2308337688446045
2026-03-16 23:00:00+00:00,0.23059780895709991
2026-03-16 23:15:00+00:00,0.2305769920349121
2026-03-16 23:30:00+00:00,0.2293388396501541
2026-03-16 23:45:00+00:00,0.2291831523180008
2026-03-17 00:00:00+00:00,0.22887131571769714
2026-03-17 00:15:00+00:00,0.22925616800785065
2026-03-17 00:30:00+00:00,0.23040612041950226
2026-03-17 00:45:00+00:00,0.2299412190914154
2026-03-17 01:00:00+00:00,0.22956819832324982
2026-03-17 01:15:00+00:00,0.2284306436777115
2026-03-17 01:30:00+00:00,0.2293531447649002
2026-03-17 01:45:00+00:00,0.2301064282655716
2026-03-17 02:00:00+00:00,0.2296859622001648
2026-03-17 02:15:00+00:00,0.23077164590358734
2026-03-17 02:30:00+00:00,0.2317650467157364
2026-03-17 02:45:00+00:00,0.23422254621982574
2026-03-17 03:00:00+00:00,0.23584836721420288
2026-03-17 03:15:00+00:00,0.23589454591274261
2026-03-17 03:30:00+00:00,0.2333214282989502
2026-03-17 03:45:00+00:00,0.23544679582118988
2026-03-17 04:00:00+00:00,0.23714318871498108
2026-03-17 04:15:00+00:00,0.23776666820049286
2026-03-17 04:30:00+00:00,0.23381449282169342
2026-03-17 04:45:00+00:00,0.23170925676822662
2026-03-17 05:00:00+00:00,0.2334379255771637
2026-03-17 05:15:00+00:00,0.2338835895061493
2026-03-17 05:30:00+00:00,0.2337166666984558
2026-03-17 05:45:00+00:00,0.23169225454330444
2026-03-17 06:00:00+00:00,0.23316246271133423
2026-03-17 06:15:00+00:00,0.2326674908399582
2026-03-17 06:30:00+00:00,0.23214639723300934
2026-03-17 06:45:00+00:00,0.23123833537101746
2026-03-17 07:00:00+00:00,0.2364223301410675
2026-03-17 07:15:00+00:00,0.23596297204494476
2026-03-17 07:30:00+00:00,0.23456092178821564
2026-03-17 07:45:00+00:00,0.23166757822036743
2026-03-17 08:00:00+00:00,0.2308044284582138
2026-03-17 08:15:00+00:00,0.23083673417568207
2026-03-17 08:30:00+00:00,0.2291782945394516
2026-03-17 08:45:00+00:00,0.22863461077213287
2026-03-17 09:00:00+00:00,0.22793236374855042
2026-03-17 09:15:00+00:00,0.22836706042289734
2026-03-17 09:30:00+00:00,0.22914406657218933
2026-03-17 09:45:00+00:00,0.227263405919075
2026-03-17 10:00:00+00:00,0.2259068787097931
2026-03-17 10:15:00+00:00,0.2269456684589386
2026-03-17 10:30:00+00:00,0.2255220264196396
2026-03-17 10:45:00+00:00,0.22563734650611877
2026-03-17 11:00:00+00:00,0.22564251720905304
2026-03-17 11:15:00+00:00,0.22582685947418213
2026-03-17 11:30:00+00:00,0.22387854754924774
2026-03-17 11:45:00+00:00,0.22344259917736053
2026-03-17 12:00:00+00:00,0.2235167771577835
2026-03-17 12:15:00+00:00,0.2230309098958969
2026-03-17 12:30:00+00:00,0.22269637882709503
2026-03-17 12:45:00+00:00,0.22267335653305054
2026-03-17 13:00:00+00:00,0.2220764011144638
2026-03-17 13:15:00+00:00,0.221510112285614
2026-03-17 13:30:00+00:00,0.22208693623542786
2026-03-17 13:45:00+00:00,0.22095976769924164
2026-03-17 14:00:00+00:00,0.2206113487482071
2026-03-17 14:15:00+00:00,0.22046099603176117
2026-03-17 14:30:00+00:00,0.22089731693267822
2026-03-17 14:45:00+00:00,0.22016340494155884
2026-03-17 15:00:00+00:00,0.21897609531879425
2026-03-17 15:15:00+00:00,0.21891440451145172
2026-03-17 15:30:00+00:00,0.21809718012809753
2026-03-17 15:45:00+00:00,0.2190469354391098
2026-03-17 16:00:00+00:00,0.21953794360160828
2026-03-17 16:15:00+00:00,0.22072014212608337
2026-03-17 16:30:00+00:00,0.21992610394954681
2026-03-17 16:45:00+00:00,0.21938297152519226
2026-03-17 17:00:00+00:00,0.21930676698684692
2026-03-17 17:15:00+00:00,0.2195139229297638
2026-03-17 17:30:00+00:00,0.21933937072753906
2026-03-17 17:45:00+00:00,0.2195398062467575
2026-03-17 18:00:00+00:00,0.21943937242031097
2026-03-17 18:15:00+00:00,0.21928490698337555
2026-03-17 18:30:00+00:00,0.21959145367145538
2026-03-17 18:45:00+00:00,0.21964482963085175
2026-03-17 19:00:00+00:00,0.2190021574497223
2026-03-17 19:15:00+00:00,0.21814781427383423
2026-03-17 19:30:00+00:00,0.21795570850372314
2026-03-17 19:45:00+00:00,0.21737900376319885
2026-03-17 20:00:00+00:00,0.2175617218017578
2026-03-17 20:15:00+00:00,0.21894633769989014
2026-03-17 20:30:00+00:00,0.21872162818908691
2026-03-17 20:45:00+00:00,0.2190483957529068
2026-03-17 21:00:00+00:00,0.2199026644229889
2026-03-17 21:15:00+00:00,0.21968255937099457
2026-03-17 21:30:00+00:00,0.21970456838607788
2026-03-17 21:45:00+00:00,0.21981537342071533
2026-03-17 22:00:00+00:00,0.22029897570610046
2026-03-17 22:15:00+00:00,0.21983185410499573
2026-03-17 22:30:00+00:00,0.2194780707359314
2026-03-17 22:45:00+00:00,0.22022433578968048
2026-03-17 23:00:00+00:00,0.2200259566307068
2026-03-17 23:15:00+00:00,0.2189967781305313
2026-03-17 23:30:00+00:00,0.21779830753803253
2026-03-17 23:45:00+00:00,0.21814435720443726
2026-03-18 00:00:00+00:00,0.2184138000011444
2026-03-18 00:15:00+00:00,0.21684905886650085
2026-03-18 00:30:00+00:00,0.2161843627691269
2026-03-18 00:45:00+00:00,0.21713146567344666
2026-03-18 01:00:00+00:00,0.21722303330898285
2026-03-18 01:15:00+00:00,0.21665747463703156
2026-03-18 01:30:00+00:00,0.21662504971027374
2026-03-18 01:45:00+00:00,0.2163867950439453
2026-03-18 02:00:00+00:00,0.21647284924983978
2026-03-18 02:15:00+00:00,0.21645066142082214
2026-03-18 02:30:00+00:00,0.21647028625011444
2026-03-18 02:45:00+00:00,0.21685373783111572
2026-03-18 03:00:00+00:00,0.2165922373533249
2026-03-18 03:15:00+00:00,0.21765385568141937
2026-03-18 03:30:00+00:00,0.2178453505039215
2026-03-18 03:45:00+00:00,0.2175934612751007
2026-03-18 04:00:00+00:00,0.21748976409435272
2026-03-18 04:15:00+00:00,0.2175779640674591
2026-03-18 04:30:00+00:00,0.21763592958450317
2026-03-18 04:45:00+00:00,0.21878790855407715
2026-03-18 05:00:00+00:00,0.21961429715156555
2026-03-18 05:15:00+00:00,0.21916404366493225
2026-03-18 05:30:00+00:00,0.21767842769622803
2026-03-18 05:45:00+00:00,0.21703696250915527
2026-03-18 06:00:00+00:00,0.21676810085773468
2026-03-18 06:15:00+00:00,0.217295303940773
2026-03-18 06:30:00+00:00,0.21625997126102448
2026-03-18 06:45:00+00:00,0.21606005728244781
2026-03-18 07:00:00+00:00,0.21484559774398804
2026-03-18 07:15:00+00:00,0.21462960541248322
2026-03-18 07:30:00+00:00,0.21467876434326172
2026-03-18 07:45:00+00:00,0.21490009129047394
2026-03-18 08:00:00+00:00,0.2154906690120697
2026-03-18 08:15:00+00:00,0.2155764102935791
2026-03-18 08:30:00+00:00,0.2154298722743988
2026-03-18 08:45:00+00:00,0.21547755599021912
2026-03-18 09:00:00+00:00,0.21531066298484802
2026-03-18 09:15:00+00:00,0.21549353003501892
2026-03-18 09:30:00+00:00,0.21548835933208466
2026-03-18 09:45:00+00:00,0.21489500999450684
2026-03-18 10:00:00+00:00,0.21489526331424713
2026-03-18 10:15:00+00:00,0.21452614665031433
2026-03-18 10:30:00+00:00,0.2135995477437973
2026-03-18 10:45:00+00:00,0.2123490422964096
2026-03-18 11:00:00+00:00,0.21315164864063263
2026-03-18 11:15:00+00:00,0.21156762540340424
2026-03-18 11:30:00+00:00,0.21193833649158478
2026-03-18 11:45:00+00:00,0.21182948350906372
2026-03-18 12:00:00+00:00,0.21197494864463806
2026-03-18 12:15:00+00:00,0.21180163323879242
2026-03-18 12:30:00+00:00,0.20947222411632538
2026-03-18 12:45:00+00:00,0.20932970941066742
2026-03-18 13:00:00+00:00,0.2093053162097931
2026-03-18 13:15:00+00:00,0.20844103395938873
2026-03-18 13:30:00+00:00,0.20765867829322815
2026-03-18 13:45:00+00:00,0.20736178755760193
2026-03-18 14:00:00+00:00,0.20627465844154358
2026-03-18 14:15:00+00:00,0.20498700439929962
2026-03-18 14:30:00+00:00,0.20297814905643463
2026-03-18 14:45:00+00:00,0.200892835855484
2026-03-18 15:00:00+00:00,0.20062801241874695
2026-03-18 15:15:00+00:00,0.2013552337884903
2026-03-18 15:30:00+00:00,0.20153935253620148
2026-03-18 15:45:00+00:00,0.20082241296768188
2026-03-18 16:00:00+00:00,0.19931268692016602
2026-03-18 16:15:00+00:00,0.19881238043308258
2026-03-18 16:30:00+00:00,0.1994156390428543
2026-03-18 16:45:00+00:00,0.20016232132911682
2026-03-18 17:00:00+00:00,0.19990870356559753
2026-03-18 17:15:00+00:00,0.1996384859085083
2026-03-18 17:30:00+00:00,0.20032526552677155
2026-03-18 17:45:00+00:00,0.20007942616939545
2026-03-18 18:00:00+00:00,0.20113161206245422
2026-03-18 18:15:00+00:00,0.19979611039161682
2026-03-18 18:30:00+00:00,0.20096047222614288
2026-03-18 18:45:00+00:00,0.19996541738510132
2026-03-18 19:00:00+00:00,0.2004934549331665
2026-03-18 19:15:00+00:00,0.19972263276576996
2026-03-18 19:30:00+00:00,0.1997031718492508
2026-03-18 19:45:00+00:00,0.1992683857679367
2026-03-18 20:00:00+00:00,0.19865894317626953
2026-03-18 20:15:00+00:00,0.19943036139011383
2026-03-18 20:30:00+00:00,0.19968898594379425
2026-03-18 20:45:00+00:00,0.2009114921092987
2026-03-18 21:00:00+00:00,0.2031569480895996
2026-03-18 21:15:00+00:00,0.20443511009216309
2026-03-18 21:30:00+00:00,0.20496325194835663
2026-03-18 21:45:00+00:00,0.20525670051574707
2026-03-18 22:00:00+00:00,0.20473730564117432
2026-03-18 22:15:00+00:00,0.20414888858795166
2026-03-18 22:30:00+00:00,0.2033444494009018
2026-03-18 22:45:00+00:00,0.20337869226932526
2026-03-18 23:00:00+00:00,0.20337635278701782
2026-03-18 23:15:00+00:00,0.20336996018886566
2026-03-18 23:30:00+00:00,0.20340007543563843
2026-03-18 23:45:00+00:00,0.20320802927017212
2026-03-19 00:00:00+00:00,0.2031567096710205
2026-03-19 00:15:00+00:00,0.20306047797203064
2026-03-19 00:30:00+00:00,0.2024264633655548
2026-03-19 00:45:00+00:00,0.20229367911815643
2026-03-19 01:00:00+00:00,0.2017335146665573
2026-03-19 01:15:00+00:00,0.20156574249267578
2026-03-19 01:30:00+00:00,0.2015019804239273
2026-03-19 01:45:00+00:00,0.2016301453113556
2026-03-19 02:00:00+00:00,0.20101787149906158
2026-03-19 02:15:00+00:00,0.2012004256248474
2026-03-19 02:30:00+00:00,0.20115207135677338
2026-03-19 02:45:00+00:00,0.2020229995250702
2026-03-19 03:00:00+00:00,0.20194387435913086
2026-03-19 03:15:00+00:00,0.20365646481513977
2026-03-19 03:30:00+00:00,0.20267851650714874
2026-03-19 03:45:00+00:00,0.20277835428714752
2026-03-19 04:00:00+00:00,0.20151624083518982
2026-03-19 04:15:00+00:00,0.2013496458530426
2026-03-19 04:30:00+00:00,0.20049706101417542
2026-03-19 04:45:00+00:00,0.2005104422569275
2026-03-19 05:00:00+00:00,0.19999027252197266
2026-03-19 05:15:00+00:00,0.199590265750885
2026-03-19 05:30:00+00:00,0.19994200766086578
2026-03-19 05:45:00+00:00,0.19962936639785767
2026-03-19 06:00:00+00:00,0.1996150016784668
2026-03-19 06:15:00+00:00,0.20007041096687317
2026-03-19 06:30:00+00:00,0.19994524121284485
2026-03-19 06:45:00+00:00,0.19988462328910828
2026-03-19 07:00:00+00:00,0.19903889298439026
2026-03-19 07:15:00+00:00,0.1973089575767517
2026-03-19 07:30:00+00:00,0.19793398678302765
2026-03-19 07:45:00+00:00,0.19780170917510986
2026-03-19 08:00:00+00:00,0.197079136967659
2026-03-19 08:15:00+00:00,0.19714570045471191
2026-03-19 08:30:00+00:00,0.1970287710428238
2026-03-19 08:45:00+00:00,0.19671426713466644
2026-03-19 09:00:00+00:00,0.19661667943000793
2026-03-19 09:15:00+00:00,0.19740228354930878
2026-03-19 09:30:00+00:00,0.19752183556556702
2026-03-19 09:45:00+00:00,0.19784632325172424
2026-03-19 10:00:00+00:00,0.19751997292041779
2026-03-19 10:15:00+00:00,0.19762644171714783
2026-03-19 10:30:00+00:00,0.19676360487937927
2026-03-19 10:45:00+00:00,0.1965239942073822
2026-03-19 11:00:00+00:00,0.1951647698879242
2026-03-19 11:15:00+00:00,0.19515417516231537
2026-03-19 11:30:00+00:00,0.19515760242938995
2026-03-19 11:45:00+00:00,0.19527815282344818
2026-03-19 12:00:00+00:00,0.19530156254768372
2026-03-19 12:15:00+00:00,0.19450849294662476
2026-03-19 12:30:00+00:00,0.19442860782146454
2026-03-19 12:45:00+00:00,0.1938370168209076
2026-03-19 13:00:00+00:00,0.1923067569732666
2026-03-19 13:15:00+00:00,0.19239924848079681
2026-03-19 13:30:00+00:00,0.19242368638515472
2026-03-19 13:45:00+00:00,0.1919863373041153
2026-03-19 14:00:00+00:00,0.19154489040374756
2026-03-19 14:15:00+00:00,0.19124677777290344
2026-03-19 14:30:00+00:00,0.19123224914073944
2026-03-19 14:45:00+00:00,0.1917390376329422
2026-03-19 15:00:00+00:00,0.1915256530046463
2026-03-19 15:15:00+00:00,0.1904630810022354
2026-03-19 15:30:00+00:00,0.1900007426738739
2026-03-19 15:45:00+00:00,0.19044414162635803
2026-03-19 16:00:00+00:00,0.1902812272310257
2026-03-19 16:15:00+00:00,0.1903764307498932
2026-03-19 16:30:00+00:00,0.1905135065317154
2026-03-19 16:45:00+00:00,0.19006890058517456
2026-03-19 17:00:00+00:00,0.1902550607919693
2026-03-19 17:15:00+00:00,0.19218018651008606
2026-03-19 17:30:00+00:00,0.19246463477611542
2026-03-19 17:45:00+00:00,0.19337959587574005
2026-03-19 18:00:00+00:00,0.19314830005168915
2026-03-19 18:15:00+00:00,0.19319269061088562
2026-03-19 18:30:00+00:00,0.19251649081707
2026-03-19 18:45:00+00:00,0.19308626651763916
2026-03-19 19:00:00+00:00,0.19403843581676483
2026-03-19 19:15:00+00:00,0.19403952360153198
2026-03-19 19:30:00+00:00,0.19357655942440033
2026-03-19 19:45:00+00:00,0.19314426183700562
2026-03-19 20:00:00+00:00,0.19354678690433502
2026-03-19 20:15:00+00:00,0.193494975566864
2026-03-19 20:30:00+00:00,0.19368000328540802
2026-03-19 20:45:00+00:00,0.19348224997520447
2026-03-19 21:00:00+00:00,0.19397658109664917
2026-03-19 21:15:00+00:00,0.19419384002685547
2026-03-19 21:30:00+00:00,0.194377601146698
2026-03-19 21:45:00+00:00,0.19468101859092712
2026-03-19 22:00:00+00:00,0.1944076269865036
2026-03-19 22:15:00+00:00,0.19442817568778992
2026-03-19 22:30:00+00:00,0.19355419278144836
2026-03-19 22:45:00+00:00,0.19393812119960785
2026-03-19 23:00:00+00:00,0.19386155903339386
2026-03-19 23:15:00+00:00,0.1934753805398941
2026-03-19 23:30:00+00:00,0.19303210079669952
2026-03-19 23:45:00+00:00,0.19289171695709229
2026-03-20 00:00:00+00:00,0.19273942708969116
2026-03-20 00:15:00+00:00,0.19272203743457794
2026-03-20 00:30:00+00:00,0.1927221119403839
2026-03-20 00:45:00+00:00,0.19284622371196747
2026-03-20 01:00:00+00:00,0.19370466470718384
2026-03-20 01:15:00+00:00,0.1936408132314682
2026-03-20 01:30:00+00:00,0.19412468373775482
2026-03-20 01:45:00+00:00,0.1942879855632782
2026-03-20 02:00:00+00:00,0.1939229816198349
2026-03-20 02:15:00+00:00,0.19343754649162292
2026-03-20 02:30:00+00:00,0.19392654299736023
2026-03-20 02:45:00+00:00,0.1943124532699585
2026-03-20 03:00:00+00:00,0.19428811967372894
2026-03-20 03:15:00+00:00,0.19524800777435303
2026-03-20 03:30:00+00:00,0.19546091556549072
2026-03-20 03:45:00+00:00,0.1956528127193451
2026-03-20 04:00:00+00:00,0.19559065997600555
2026-03-20 04:15:00+00:00,0.19482667744159698
2026-03-20 04:30:00+00:00,0.19355517625808716
2026-03-20 04:45:00+00:00,0.19405506551265717
2026-03-20 05:00:00+00:00,0.1946089267730713
2026-03-20 05:15:00+00:00,0.19553709030151367
2026-03-20 05:30:00+00:00,0.1971069872379303
2026-03-20 05:45:00+00:00,0.19757013022899628
2026-03-20 06:00:00+00:00,0.19769546389579773
2026-03-20 06:15:00+00:00,0.19866207242012024
2026-03-20 06:30:00+00:00,0.19820550084114075
2026-03-20 06:45:00+00:00,0.19813555479049683
2026-03-20 07:00:00+00:00,0.1979278177022934
2026-03-20 07:15:00+00:00,0.19755202531814575
2026-03-20 07:30:00+00:00,0.19768163561820984
2026-03-20 07:45:00+00:00,0.19799233973026276
2026-03-20 08:00:00+00:00,0.19912350177764893
2026-03-20 08:15:00+00:00,0.19981969892978668
2026-03-20 08:30:00+00:00,0.20009849965572357
2026-03-20 08:45:00+00:00,0.20032304525375366
2026-03-20 09:00:00+00:00,0.19960282742977142
2026-03-20 09:15:00+00:00,0.19890975952148438
2026-03-20 09:30:00+00:00,0.20063039660453796
2026-03-20 09:45:00+00:00,0.20111022889614105
2026-03-20 10:00:00+00:00,0.2003060132265091
2026-03-20 10:15:00+00:00,0.2000257819890976
2026-03-20 10:30:00+00:00,0.19906483590602875
2026-03-20 10:45:00+00:00,0.19907036423683167
2026-03-20 11:00:00+00:00,0.20056283473968506
2026-03-20 11:15:00+00:00,0.20039229094982147
2026-03-20 11:30:00+00:00,0.19851289689540863
2026-03-20 11:45:00+00:00,0.19866536557674408
2026-03-20 12:00:00+00:00,0.19892625510692596
2026-03-20 12:15:00+00:00,0.1983504742383957
2026-03-20 12:30:00+00:00,0.1972605288028717
2026-03-20 12:45:00+00:00,0.1973312646150589
2026-03-20 13:00:00+00:00,0.19803021848201752
2026-03-20 13:15:00+00:00,0.19762738049030304
2026-03-20 13:30:00+00:00,0.19666782021522522
2026-03-20 13:45:00+00:00,0.19604408740997314
2026-03-20 14:00:00+00:00,0.19598646461963654
2026-03-20 14:15:00+00:00,0.19598659873008728
2026-03-20 14:30:00+00:00,0.1966625154018402
2026-03-20 14:45:00+00:00,0.19559773802757263
2026-03-20 15:00:00+00:00,0.19526799023151398
2026-03-20 15:15:00+00:00,0.19638970494270325
2026-03-20 15:30:00+00:00,0.19697305560112
2026-03-20 15:45:00+00:00,0.19680793583393097
2026-03-20 16:00:00+00:00,0.1960625797510147
2026-03-20 16:15:00+00:00,0.19557762145996094
2026-03-20 16:30:00+00:00,0.19538791477680206
2026-03-20 16:45:00+00:00,0.1962762027978897
2026-03-20 17:00:00+00:00,0.19640548527240753
2026-03-20 17:15:00+00:00,0.19627714157104492
2026-03-20 17:30:00+00:00,0.19583669304847717
2026-03-20 17:45:00+00:00,0.1959017813205719
2026-03-20 18:00:00+00:00,0.19553281366825104
2026-03-20 18:15:00+00:00,0.1945415735244751
2026-03-20 18:30:00+00:00,0.1929977834224701
2026-03-20 18:45:00+00:00,0.19239301979541779
2026-03-20 19:00:00+00:00,0.19225655496120453
2026-03-20 19:15:00+00:00,0.19184906780719757
2026-03-20 19:30:00+00:00,0.19093267619609833
2026-03-20 19:45:00+00:00,0.19151571393013
2026-03-20 20:00:00+00:00,0.19155283272266388
2026-03-20 20:15:00+00:00,0.19133399426937103
2026-03-20 20:30:00+00:00,0.19117258489131927
2026-03-20 20:45:00+00:00,0.19235889613628387
2026-03-20 21:00:00+00:00,0.19233886897563934
2026-03-20 21:15:00+00:00,0.19394053518772125
2026-03-20 21:30:00+00:00,0.19478312134742737
2026-03-20 21:45:00+00:00,0.1950114369392395
2026-03-20 22:00:00+00:00,0.19637459516525269
2026-03-20 22:15:00+00:00,0.19560173153877258
2026-03-20 22:30:00+00:00,0.19538205862045288
2026-03-20 22:45:00+00:00,0.19541265070438385
2026-03-20 23:00:00+00:00,0.19455228745937347
2026-03-20 23:15:00+00:00,0.19444917142391205
2026-03-20 23:30:00+00:00,0.19484198093414307
2026-03-20 23:45:00+00:00,0.19477665424346924
2026-03-21 00:00:00+00:00,0.19496043026447296
2026-03-21 00:15:00+00:00,0.19519446790218353
2026-03-21 00:30:00+00:00,0.1955449879169464
2026-03-21 00:45:00+00:00,0.19565418362617493
2026-03-21 01:00:00+00:00,0.19634157419204712
2026-03-21 01:15:00+00:00,0.1963403820991516
2026-03-21 01:30:00+00:00,0.19692444801330566
2026-03-21 01:45:00+00:00,0.19647370278835297
2026-03-21 02:00:00+00:00,0.19561883807182312
2026-03-21 02:15:00+00:00,0.19625721871852875
2026-03-21 02:30:00+00:00,0.1965637356042862
2026-03-21 02:45:00+00:00,0.1966324895620346
2026-03-21 03:00:00+00:00,0.19653542339801788
2026-03-21 03:15:00+00:00,0.1958727389574051
2026-03-21 03:30:00+00:00,0.19573518633842468
2026-03-21 03:45:00+00:00,0.19553638994693756
2026-03-21 04:00:00+00:00,0.1961923986673355
2026-03-21 04:15:00+00:00,0.19673898816108704
2026-03-21 04:30:00+00:00,0.19643057882785797
2026-03-21 04:45:00+00:00,0.19650159776210785
2026-03-21 05:00:00+00:00,0.19840647280216217
2026-03-21 05:15:00+00:00,0.19895842671394348
2026-03-21 05:30:00+00:00,0.1995316445827484
2026-03-21 05:45:00+00:00,0.19886663556098938
2026-03-21 06:00:00+00:00,0.1995978057384491
2026-03-21 06:15:00+00:00,0.2004534751176834
2026-03-21 06:30:00+00:00,0.20275349915027618
2026-03-21 06:45:00+00:00,0.2018270194530487
2026-03-21 07:00:00+00:00,0.19980265200138092
2026-03-21 07:15:00+00:00,0.20157189667224884
2026-03-21 07:30:00+00:00,0.20182666182518005
2026-03-21 07:45:00+00:00,0.20068755745887756
2026-03-21 08:00:00+00:00,0.19969019293785095
2026-03-21 08:15:00+00:00,0.1996009647846222
2026-03-21 08:30:00+00:00,0.2004435807466507
2026-03-21 08:45:00+00:00,0.20121777057647705
2026-03-21 09:00:00+00:00,0.2024848312139511
2026-03-21 09:15:00+00:00,0.20198644697666168
2026-03-21 09:30:00+00:00,0.20070092380046844
2026-03-21 09:45:00+00:00,0.20149533450603485
2026-03-21 10:00:00+00:00,0.2015024870634079
2026-03-21 10:15:00+00:00,0.20112672448158264
2026-03-21 10:30:00+00:00,0.20139342546463013
2026-03-21 10:45:00+00:00,0.2008037567138672
2026-03-21 11:00:00+00:00,0.20046965777873993
2026-03-21 11:15:00+00:00,0.200307697057724
2026-03-21 11:30:00+00:00,0.20007702708244324
2026-03-21 11:45:00+00:00,0.19941480457782745
2026-03-21 12:00:00+00:00,0.1992453932762146
2026-03-21 12:15:00+00:00,0.19906069338321686
2026-03-21 12:30:00+00:00,0.19858595728874207
2026-03-21 12:45:00+00:00,0.19854535162448883
2026-03-21 13:00:00+00:00,0.1989327371120453
2026-03-21 13:15:00+00:00,0.19924752414226532
2026-03-21 13:30:00+00:00,0.19854752719402313
2026-03-21 13:45:00+00:00,0.1993238925933838
2026-03-21 14:00:00+00:00,0.20005397498607635
2026-03-21 14:15:00+00:00,0.2005501687526703
2026-03-21 14:30:00+00:00,0.20068469643592834
2026-03-21 14:45:00+00:00,0.20019257068634033
2026-03-21 15:00:00+00:00,0.20110370218753815
2026-03-21 15:15:00+00:00,0.20148047804832458
2026-03-21 15:30:00+00:00,0.20308910310268402
2026-03-21 15:45:00+00:00,0.20436806976795197
2026-03-21 16:00:00+00:00,0.20392076671123505
2026-03-21 16:15:00+00:00,0.20360803604125977
2026-03-21 16:30:00+00:00,0.2024720162153244
2026-03-21 16:45:00+00:00,0.20212987065315247
2026-03-21 17:00:00+00:00,0.20263473689556122
2026-03-21 17:15:00+00:00,0.2026010900735855
2026-03-21 17:30:00+00:00,0.2026463747024536
2026-03-21 17:45:00+00:00,0.2025405764579773
2026-03-21 18:00:00+00:00,0.20246553421020508
2026-03-21 18:15:00+00:00,0.20189273357391357
2026-03-21 18:30:00+00:00,0.20159703493118286
2026-03-21 18:45:00+00:00,0.20160651206970215
2026-03-21 19:00:00+00:00,0.20109766721725464
2026-03-21 19:15:00+00:00,0.20125816762447357
2026-03-21 19:30:00+00:00,0.20098206400871277
2026-03-21 19:45:00+00:00,0.2007872313261032
2026-03-21 20:00:00+00:00,0.20080244541168213
2026-03-21 20:15:00+00:00,0.20116281509399414
2026-03-21 20:30:00+00:00,0.20135267078876495
2026-03-21 20:45:00+00:00,0.2013697326183319
2026-03-21 21:00:00+00:00,0.20153015851974487
2026-03-21 21:15:00+00:00,0.20148198306560516
2026-03-21 21:30:00+00:00,0.2013760507106781
2026-03-21 21:45:00+00:00,0.2012929916381836
2026-03-21 22:00:00+00:00,0.20042294263839722
2026-03-21 22:15:00+00:00,0.2003927379846573
2026-03-21 22:30:00+00:00,0.20037852227687836
2026-03-21 22:45:00+00:00,0.19992712140083313
2026-03-21 23:00:00+00:00,0.19892549514770508
2026-03-21 23:15:00+00:00,0.19860729575157166
2026-03-21 23:30:00+00:00,0.19898460805416107
2026-03-21 23:45:00+00:00,0.19266614317893982
2026-03-22 00:00:00+00:00,0.19213367998600006
2026-03-22 00:15:00+00:00,0.19247059524059296
2026-03-22 00:30:00+00:00,0.19334834814071655
2026-03-22 00:45:00+00:00,0.19282513856887817
2026-03-22 01:00:00+00:00,0.19310471415519714
2026-03-22 01:15:00+00:00,0.1930592805147171
2026-03-22 01:30:00+00:00,0.1929827630519867
2026-03-22 01:45:00+00:00,0.19307094812393188
2026-03-22 02:00:00+00:00,0.19410009682178497
2026-03-22 02:15:00+00:00,0.1946253925561905
2026-03-22 02:30:00+00:00,0.19545333087444305
2026-03-22 02:45:00+00:00,0.19556784629821777
2026-03-22 03:00:00+00:00,0.19498051702976227
2026-03-22 03:15:00+00:00,0.195730522274971
2026-03-22 03:30:00+00:00,0.19566892087459564
2026-03-22 03:45:00+00:00,0.19415058195590973
2026-03-22 04:00:00+00:00,0.19449061155319214
2026-03-22 04:15:00+00:00,0.19443759322166443
2026-03-22 04:30:00+00:00,0.19461286067962646
2026-03-22 04:45:00+00:00,0.194513738155365
2026-03-22 05:00:00+00:00,0.1939372420310974
2026-03-22 05:15:00+00:00,0.19388394057750702
2026-03-22 05:30:00+00:00,0.19369548559188843
2026-03-22 05:45:00+00:00,0.1937568336725235
2026-03-22 06:00:00+00:00,0.19356274604797363
2026-03-22 06:15:00+00:00,0.19332212209701538
2026-03-22 06:30:00+00:00,0.19297267496585846
2026-03-22 06:45:00+00:00,0.19348300993442535
2026-03-22 07:00:00+00:00,0.19390439987182617
2026-03-22 07:15:00+00:00,0.19407396018505096
2026-03-22 07:30:00+00:00,0.19358760118484497
2026-03-22 07:45:00+00:00,0.19307902455329895
2026-03-22 08:00:00+00:00,0.19162245094776154
2026-03-22 08:15:00+00:00,0.19144652783870697
2026-03-22 08:30:00+00:00,0.1920447051525116
2026-03-22 08:45:00+00:00,0.19205422699451447
2026-03-22 09:00:00+00:00,0.1928367018699646
2026-03-22 09:15:00+00:00,0.19240766763687134
2026-03-22 09:30:00+00:00,0.19241757690906525
2026-03-22 09:45:00+00:00,0.19228218495845795
2026-03-22 10:00:00+00:00,0.191692516207695
2026-03-22 10:15:00+00:00,0.1916479468345642
2026-03-22 10:30:00+00:00,0.19088779389858246
2026-03-22 10:45:00+00:00,0.1899731159210205
2026-03-22 11:00:00+00:00,0.18963775038719177
2026-03-22 11:15:00+00:00,0.18967631459236145
2026-03-22 11:30:00+00:00,0.18989062309265137
2026-03-22 11:45:00+00:00,0.18960347771644592
2026-03-22 12:00:00+00:00,0.1898723542690277
2026-03-22 12:15:00+00:00,0.19176045060157776
2026-03-22 12:30:00+00:00,0.19142316281795502
2026-03-22 12:45:00+00:00,0.19132132828235626
2026-03-22 13:00:00+00:00,0.1919313669204712
2026-03-22 13:15:00+00:00,0.19151128828525543
2026-03-22 13:30:00+00:00,0.1913168579339981
2026-03-22 13:45:00+00:00,0.19083529710769653
2026-03-22 14:00:00+00:00,0.19057564437389374
2026-03-22 14:15:00+00:00,0.19109377264976501
2026-03-22 14:30:00+00:00,0.19070971012115479
2026-03-22 14:45:00+00:00,0.19042187929153442
2026-03-22 15:00:00+00:00,0.19113072752952576
2026-03-22 15:15:00+00:00,0.19087280333042145
2026-03-22 15:30:00+00:00,0.19037330150604248
2026-03-22 15:45:00+00:00,0.19054009020328522
2026-03-22 16:00:00+00:00,0.19054271280765533
2026-03-22 16:15:00+00:00,0.19038797914981842
2026-03-22 16:30:00+00:00,0.19014693796634674
2026-03-22 16:45:00+00:00,0.19062753021717072
2026-03-22 17:00:00+00:00,0.19027599692344666
2026-03-22 17:15:00+00:00,0.19023166596889496
2026-03-22 17:30:00+00:00,0.19016149640083313
2026-03-22 17:45:00+00:00,0.19056452810764313
2026-03-22 18:00:00+00:00,0.190243199467659
2026-03-22 18:15:00+00:00,0.19022993743419647
2026-03-22 18:30:00+00:00,0.18887853622436523
2026-03-22 18:45:00+00:00,0.1886078268289566
2026-03-22 19:00:00+00:00,0.18815970420837402
2026-03-22 19:15:00+00:00,0.18758954107761383
2026-03-22 19:30:00+00:00,0.1873946189880371
2026-03-22 19:45:00+00:00,0.1873631328344345
2026-03-22 20:00:00+00:00,0.1876642405986786
2026-03-22 20:15:00+00:00,0.1874637007713318
2026-03-22 20:30:00+00:00,0.18692617118358612
2026-03-22 20:45:00+00:00,0.18662312626838684
2026-03-22 21:00:00+00:00,0.18511652946472168
2026-03-22 21:15:00+00:00,0.18429382145404816
2026-03-22 21:30:00+00:00,0.1854904294013977
2026-03-22 21:45:00+00:00,0.18548071384429932
2026-03-22 22:00:00+00:00,0.18558309972286224
2026-03-22 22:15:00+00:00,0.1867314577102661
2026-03-22 22:30:00+00:00,0.1870134025812149
2026-03-22 22:45:00+00:00,0.18748940527439117
2026-03-22 23:00:00+00:00,0.18757542967796326
2026-03-22 23:15:00+00:00,0.18740688264369965
2026-03-22 23:30:00+00:00,0.1871909201145172
2026-03-22 23:45:00+00:00,0.1868869513273239
2026-03-23 00:00:00+00:00,0.18738414347171783
2026-03-23 00:15:00+00:00,0.18762490153312683
2026-03-23 00:30:00+00:00,0.18708930909633636
2026-03-23 00:45:00+00:00,0.18877224624156952
2026-03-23 01:00:00+00:00,0.18880419433116913
2026-03-23 01:15:00+00:00,0.18882204592227936
2026-03-23 01:30:00+00:00,0.18911761045455933
2026-03-23 01:45:00+00:00,0.18901127576828003
2026-03-23 02:00:00+00:00,0.18905767798423767
2026-03-23 02:15:00+00:00,0.18922798335552216
2026-03-23 02:30:00+00:00,0.1894327700138092
2026-03-23 02:45:00+00:00,0.18876662850379944
2026-03-23 03:00:00+00:00,0.1880885809659958
2026-03-23 03:15:00+00:00,0.18809272348880768
2026-03-23 03:30:00+00:00,0.1876305341720581
2026-03-23 03:45:00+00:00,0.18757253885269165
2026-03-23 04:00:00+00:00,0.18769484758377075
2026-03-23 04:15:00+00:00,0.1877925992012024
2026-03-23 04:30:00+00:00,0.18780380487442017
2026-03-23 04:45:00+00:00,0.18833239376544952
2026-03-23 05:00:00+00:00,0.18899451196193695
2026-03-23 05:15:00+00:00,0.18888308107852936
2026-03-23 05:30:00+00:00,0.187891885638237
2026-03-23 05:45:00+00:00,0.18816274404525757
2026-03-23 06:00:00+00:00,0.1870664656162262
2026-03-23 06:15:00+00:00,0.18702539801597595
2026-03-23 06:30:00+00:00,0.18629513680934906
2026-03-23 06:45:00+00:00,0.18689915537834167
2026-03-23 07:00:00+00:00,0.18655544519424438
2026-03-23 07:15:00+00:00,0.18602727353572845
2026-03-23 07:30:00+00:00,0.18785856664180756
2026-03-23 07:45:00+00:00,0.1877722144126892
2026-03-23 08:00:00+00:00,0.18749971687793732
2026-03-23 08:15:00+00:00,0.18754169344902039
2026-03-23 08:30:00+00:00,0.1874084174633026
2026-03-23 08:45:00+00:00,0.18646565079689026
2026-03-23 09:00:00+00:00,0.18625076115131378
2026-03-23 09:15:00+00:00,0.1862683892250061
2026-03-23 09:30:00+00:00,0.1858644187450409
2026-03-23 09:45:00+00:00,0.18669746816158295
2026-03-23 10:00:00+00:00,0.1871652901172638
2026-03-23 10:15:00+00:00,0.18694929778575897
2026-03-23 10:30:00+00:00,0.1867142766714096
2026-03-23 10:45:00+00:00,0.18694226443767548
2026-03-23 11:00:00+00:00,0.1965368390083313
2026-03-23 11:15:00+00:00,0.1965165138244629
2026-03-23 11:30:00+00:00,0.1965172439813614
2026-03-23 11:45:00+00:00,0.19464173913002014
2026-03-23 12:00:00+00:00,0.19445566833019257
2026-03-23 12:15:00+00:00,0.19465851783752441
2026-03-23 12:30:00+00:00,0.19535253942012787
2026-03-23 12:45:00+00:00,0.1963045597076416
2026-03-23 13:00:00+00:00,0.19620802998542786
2026-03-23 13:15:00+00:00,0.196067675948143
2026-03-23 13:30:00+00:00,0.19614265859127045
2026-03-23 13:45:00+00:00,0.19746533036231995
2026-03-23 14:00:00+00:00,0.19795170426368713
2026-03-23 14:15:00+00:00,0.19693808257579803
2026-03-23 14:30:00+00:00,0.1961938440799713
2026-03-23 14:45:00+00:00,0.19637687504291534
2026-03-23 15:00:00+00:00,0.19722607731819153
2026-03-23 15:15:00+00:00,0.19606266915798187
2026-03-23 15:30:00+00:00,0.19429290294647217
2026-03-23 15:45:00+00:00,0.1937939077615738
2026-03-23 16:00:00+00:00,0.19436733424663544
2026-03-23 16:15:00+00:00,0.1930420696735382
2026-03-23 16:30:00+00:00,0.19328631460666656
2026-03-23 16:45:00+00:00,0.1942322552204132
2026-03-23 17:00:00+00:00,0.19451259076595306
2026-03-23 17:15:00+00:00,0.19362927973270416
2026-03-23 17:30:00+00:00,0.19521959125995636
2026-03-23 17:45:00+00:00,0.19551950693130493
2026-03-23 18:00:00+00:00,0.19511084258556366
2026-03-23 18:15:00+00:00,0.19508527219295502
2026-03-23 18:30:00+00:00,0.19512245059013367
2026-03-23 18:45:00+00:00,0.19552470743656158
2026-03-23 19:00:00+00:00,0.19571085274219513
2026-03-23 19:15:00+00:00,0.19599401950836182
2026-03-23 19:30:00+00:00,0.19619663059711456
2026-03-23 19:45:00+00:00,0.19565194845199585
2026-03-23 20:00:00+00:00,0.1954098641872406
2026-03-23 20:15:00+00:00,0.19598634541034698
2026-03-23 20:30:00+00:00,0.19787877798080444
2026-03-23 20:45:00+00:00,0.19817425310611725
2026-03-23 21:00:00+00:00,0.19814647734165192
2026-03-23 21:15:00+00:00,0.19807690382003784
2026-03-23 21:30:00+00:00,0.1984512209892273
2026-03-23 21:45:00+00:00,0.19854268431663513
2026-03-23 22:00:00+00:00,0.19826515018939972
2026-03-23 22:15:00+00:00,0.1985216736793518
2026-03-23 22:30:00+00:00,0.1985095590353012
2026-03-23 22:45:00+00:00,0.19816391170024872
2026-03-23 23:00:00+00:00,0.19680020213127136
2026-03-23 23:15:00+00:00,0.19564120471477509
2026-03-23 23:30:00+00:00,0.1958475261926651
2026-03-23 23:45:00+00:00,0.19633275270462036
2026-03-24 00:00:00+00:00,0.1958334743976593
2026-03-24 00:15:00+00:00,0.19544708728790283
2026-03-24 00:30:00+00:00,0.19446618854999542
2026-03-24 00:45:00+00:00,0.19494211673736572
2026-03-24 01:00:00+00:00,0.19445699453353882
2026-03-24 01:15:00+00:00,0.1946118324995041
2026-03-24 01:30:00+00:00,0.19368194043636322
2026-03-24 01:45:00+00:00,0.19338351488113403
2026-03-24 02:00:00+00:00,0.19397546350955963
2026-03-24 02:15:00+00:00,0.19362065196037292
2026-03-24 02:30:00+00:00,0.19369743764400482
2026-03-24 02:45:00+00:00,0.19348156452178955
2026-03-24 03:00:00+00:00,0.19374924898147583
2026-03-24 03:15:00+00:00,0.19414594769477844
2026-03-24 03:30:00+00:00,0.1943436861038208
2026-03-24 03:45:00+00:00,0.19458650052547455
2026-03-24 04:00:00+00:00,0.19443075358867645
2026-03-24 04:15:00+00:00,0.19444793462753296
2026-03-24 04:30:00+00:00,0.19426876306533813
2026-03-24 04:45:00+00:00,0.19433452188968658
2026-03-24 05:00:00+00:00,0.19384604692459106
2026-03-24 05:15:00+00:00,0.19416940212249756
2026-03-24 05:30:00+00:00,0.19528014957904816
2026-03-24 05:45:00+00:00,0.19537678360939026
2026-03-24 06:00:00+00:00,0.19509652256965637
2026-03-24 06:15:00+00:00,0.19509191811084747
2026-03-24 06:30:00+00:00,0.19617576897144318
2026-03-24 06:45:00+00:00,0.19717071950435638
2026-03-24 07:00:00+00:00,0.1983116716146469
2026-03-24 07:15:00+00:00,0.19838659465312958
2026-03-24 07:30:00+00:00,0.1983053982257843
2026-03-24 07:45:00+00:00,0.19915443658828735
2026-03-24 08:00:00+00:00,0.20003721117973328
2026-03-24 08:15:00+00:00,0.2000870555639267
2026-03-24 08:30:00+00:00,0.20024189352989197
2026-03-24 08:45:00+00:00,0.20016466081142426
2026-03-24 09:00:00+00:00,0.1994844228029251
2026-03-24 09:15:00+00:00,0.1990525722503662
2026-03-24 09:30:00+00:00,0.1990572065114975
2026-03-24 09:45:00+00:00,0.19859282672405243
2026-03-24 10:00:00+00:00,0.1971704065799713
2026-03-24 10:15:00+00:00,0.19655467569828033
2026-03-24 10:30:00+00:00,0.19652000069618225
2026-03-24 10:45:00+00:00,0.19690273702144623
2026-03-24 11:00:00+00:00,0.19641809165477753
2026-03-24 11:15:00+00:00,0.19633759558200836
2026-03-24 11:30:00+00:00,0.19646301865577698
2026-03-24 11:45:00+00:00,0.1965610533952713
2026-03-24 12:00:00+00:00,0.19642888009548187
2026-03-24 12:15:00+00:00,0.19653570652008057
2026-03-24 12:30:00+00:00,0.19637081027030945
2026-03-24 12:45:00+00:00,0.19636894762516022
2026-03-24 13:00:00+00:00,0.19586753845214844
2026-03-24 13:15:00+00:00,0.19573073089122772
2026-03-24 13:30:00+00:00,0.19457782804965973
2026-03-24 13:45:00+00:00,0.1942737102508545
2026-03-24 14:00:00+00:00,0.1940852403640747
2026-03-24 14:15:00+00:00,0.19522520899772644
2026-03-24 14:30:00+00:00,0.19590303301811218
2026-03-24 14:45:00+00:00,0.19634903967380524
2026-03-24 15:00:00+00:00,0.1960197538137436
2026-03-24 15:15:00+00:00,0.19658610224723816
2026-03-24 15:30:00+00:00,0.19758406281471252
2026-03-24 15:45:00+00:00,0.19690458476543427
2026-03-24 16:00:00+00:00,0.1965012401342392
2026-03-24 16:15:00+00:00,0.19629237055778503
2026-03-24 16:30:00+00:00,0.1944223791360855
2026-03-24 16:45:00+00:00,0.19445189833641052
2026-03-24 17:00:00+00:00,0.19359521567821503
2026-03-24 17:15:00+00:00,0.19329099357128143
2026-03-24 17:30:00+00:00,0.19319993257522583
2026-03-24 17:45:00+00:00,0.1932666152715683
2026-03-24 18:00:00+00:00,0.1933833658695221
2026-03-24 18:15:00+00:00,0.19354772567749023
2026-03-24 18:30:00+00:00,0.19492386281490326
2026-03-24 18:45:00+00:00,0.19461725652217865
2026-03-24 19:00:00+00:00,0.19476991891860962
2026-03-24 19:15:00+00:00,0.1944459080696106
2026-03-24 19:30:00+00:00,0.19382978975772858
2026-03-24 19:45:00+00:00,0.19353756308555603
2026-03-24 20:00:00+00:00,0.1935073286294937
2026-03-24 20:15:00+00:00,0.19613783061504364
2026-03-24 20:30:00+00:00,0.19683010876178741
2026-03-24 20:45:00+00:00,0.19686497747898102
2026-03-24 21:00:00+00:00,0.19681920111179352
2026-03-24 21:15:00+00:00,0.1966254562139511
2026-03-24 21:30:00+00:00,0.19721673429012299
2026-03-24 21:45:00+00:00,0.19750814139842987
2026-03-24 22:00:00+00:00,0.19808699190616608
2026-03-24 22:15:00+00:00,0.19824641942977905
2026-03-24 22:30:00+00:00,0.19753101468086243
2026-03-24 22:45:00+00:00,0.19756954908370972
2026-03-24 23:00:00+00:00,0.19748899340629578
2026-03-24 23:15:00+00:00,0.19786712527275085
2026-03-24 23:30:00+00:00,0.19796249270439148
2026-03-24 23:45:00+00:00,0.19817903637886047
2026-03-25 00:00:00+00:00,0.1985517144203186
2026-03-25 00:15:00+00:00,0.19873400032520294
2026-03-25 00:30:00+00:00,0.19896936416625977
2026-03-25 00:45:00+00:00,0.1991490125656128
2026-03-25 01:00:00+00:00,0.1998399794101715
2026-03-25 01:15:00+00:00,0.2001514881849289
2026-03-25 01:30:00+00:00,0.20142848789691925
2026-03-25 01:45:00+00:00,0.20084448158740997
2026-03-25 02:00:00+00:00,0.20059801638126373
2026-03-25 02:15:00+00:00,0.2006811797618866
2026-03-25 02:30:00+00:00,0.1994139403104782
2026-03-25 02:45:00+00:00,0.19907669723033905
2026-03-25 03:00:00+00:00,0.19934958219528198
2026-03-25 03:15:00+00:00,0.1992153525352478
2026-03-25 03:30:00+00:00,0.1993209719657898
2026-03-25 03:45:00+00:00,0.19951805472373962
2026-03-25 04:00:00+00:00,0.1993885338306427
2026-03-25 04:15:00+00:00,0.19929461181163788
2026-03-25 04:30:00+00:00,0.200087770819664
2026-03-25 04:45:00+00:00,0.20036330819129944
2026-03-25 05:00:00+00:00,0.19987905025482178
2026-03-25 05:15:00+00:00,0.19943679869174957
2026-03-25 05:30:00+00:00,0.2001139372587204
2026-03-25 05:45:00+00:00,0.19995331764221191
2026-03-25 06:00:00+00:00,0.1993672251701355
2026-03-25 06:15:00+00:00,0.19931809604167938
2026-03-25 06:30:00+00:00,0.19922810792922974
2026-03-25 06:45:00+00:00,0.19924449920654297
2026-03-25 07:00:00+00:00,0.19925309717655182
2026-03-25 07:15:00+00:00,0.19934651255607605
2026-03-25 07:30:00+00:00,0.2009180337190628
2026-03-25 07:45:00+00:00,0.20113438367843628
2026-03-25 08:00:00+00:00,0.20174066722393036
2026-03-25 08:15:00+00:00,0.20239488780498505
2026-03-25 08:30:00+00:00,0.20199251174926758
2026-03-25 08:45:00+00:00,0.20197449624538422
2026-03-25 09:00:00+00:00,0.20217031240463257
2026-03-25 09:15:00+00:00,0.20246107876300812
2026-03-25 09:30:00+00:00,0.20210418105125427
2026-03-25 09:45:00+00:00,0.20230470597743988
2026-03-25 10:00:00+00:00,0.20220322906970978
2026-03-25 10:15:00+00:00,0.20166338980197906
2026-03-25 10:30:00+00:00,0.20149260759353638
2026-03-25 10:45:00+00:00,0.2014838308095932
2026-03-25 11:00:00+00:00,0.20134423673152924
2026-03-25 11:15:00+00:00,0.20185445249080658
2026-03-25 11:30:00+00:00,0.2019817978143692
2026-03-25 11:45:00+00:00,0.20292972028255463
2026-03-25 12:00:00+00:00,0.20337367057800293
2026-03-25 12:15:00+00:00,0.20251381397247314
2026-03-25 12:30:00+00:00,0.20178723335266113
2026-03-25 12:45:00+00:00,0.2024596631526947
2026-03-25 13:00:00+00:00,0.20268523693084717
2026-03-25 13:15:00+00:00,0.20288482308387756
2026-03-25 13:30:00+00:00,0.20310623943805695
2026-03-25 13:45:00+00:00,0.2024105191230774
2026-03-25 14:00:00+00:00,0.20124907791614532
2026-03-25 14:15:00+00:00,0.20209887623786926
2026-03-25 14:30:00+00:00,0.20227614045143127
2026-03-25 14:45:00+00:00,0.202250137925148
2026-03-25 15:00:00+00:00,0.20155222713947296
2026-03-25 15:15:00+00:00,0.20097315311431885
2026-03-25 15:30:00+00:00,0.2005085051059723
2026-03-25 15:45:00+00:00,0.2005022168159485
2026-03-25 16:00:00+00:00,0.20069505274295807
2026-03-25 16:15:00+00:00,0.20180103182792664
2026-03-25 16:30:00+00:00,0.2027246505022049
2026-03-25 16:45:00+00:00,0.20229576528072357
2026-03-25 17:00:00+00:00,0.20256182551383972
2026-03-25 17:15:00+00:00,0.20157447457313538
2026-03-25 17:30:00+00:00,0.2015373408794403
2026-03-25 17:45:00+00:00,0.20113448798656464
2026-03-25 18:00:00+00:00,0.20100104808807373
2026-03-25 18:15:00+00:00,0.200216606259346
2026-03-25 18:30:00+00:00,0.19932112097740173
2026-03-25 18:45:00+00:00,0.19947953522205353
2026-03-25 19:00:00+00:00,0.19917656481266022
2026-03-25 19:15:00+00:00,0.19929543137550354
2026-03-25 19:30:00+00:00,0.19944922626018524
2026-03-25 19:45:00+00:00,0.19946855306625366
2026-03-25 20:00:00+00:00,0.1985129415988922
2026-03-25 20:15:00+00:00,0.19781635701656342
2026-03-25 20:30:00+00:00,0.1975192129611969
2026-03-25 20:45:00+00:00,0.1980585902929306
2026-03-25 21:00:00+00:00,0.1983269304037094
2026-03-25 21:15:00+00:00,0.19805888831615448
2026-03-25 21:30:00+00:00,0.19779568910598755
2026-03-25 21:45:00+00:00,0.19787614047527313
2026-03-25 22:00:00+00:00,0.19797872006893158
2026-03-25 22:15:00+00:00,0.19853109121322632
2026-03-25 22:30:00+00:00,0.1995036005973816
2026-03-25 22:45:00+00:00,0.19902944564819336
2026-03-25 23:00:00+00:00,0.19931136071681976
2026-03-25 23:15:00+00:00,0.19925262033939362
2026-03-25 23:30:00+00:00,0.19909106194972992
2026-03-25 23:45:00+00:00,0.1991184502840042
2026-03-26 00:00:00+00:00,0.1990583837032318
2026-03-26 00:15:00+00:00,0.1992461234331131
2026-03-26 00:30:00+00:00,0.19844825565814972
2026-03-26 00:45:00+00:00,0.1982852816581726
2026-03-26 01:00:00+00:00,0.19832147657871246
2026-03-26 01:15:00+00:00,0.19829992949962616
2026-03-26 01:30:00+00:00,0.1987670361995697
2026-03-26 01:45:00+00:00,0.19863106310367584
2026-03-26 02:00:00+00:00,0.1978183090686798
2026-03-26 02:15:00+00:00,0.19765403866767883
2026-03-26 02:30:00+00:00,0.19699585437774658
2026-03-26 02:45:00+00:00,0.19728407263755798
2026-03-26 03:00:00+00:00,0.1967736929655075
2026-03-26 03:15:00+00:00,0.19638967514038086
2026-03-26 03:30:00+00:00,0.19576793909072876
2026-03-26 03:45:00+00:00,0.19583915174007416
2026-03-26 04:00:00+00:00,0.19520160555839539
2026-03-26 04:15:00+00:00,0.19510124623775482
2026-03-26 04:30:00+00:00,0.19500191509723663
2026-03-26 04:45:00+00:00,0.19532033801078796
2026-03-26 05:00:00+00:00,0.1950307935476303
2026-03-26 05:15:00+00:00,0.1947515606880188
2026-03-26 05:30:00+00:00,0.19440361857414246
2026-03-26 05:45:00+00:00,0.19292372465133667
2026-03-26 06:00:00+00:00,0.19333317875862122
2026-03-26 06:15:00+00:00,0.1927831918001175
2026-03-26 06:30:00+00:00,0.19206909835338593
2026-03-26 06:45:00+00:00,0.1922549605369568
2026-03-26 07:00:00+00:00,0.19230391085147858
2026-03-26 07:15:00+00:00,0.1920795440673828
2026-03-26 07:30:00+00:00,0.19225968420505524
2026-03-26 07:45:00+00:00,0.19233675301074982
2026-03-26 08:00:00+00:00,0.192053884267807
2026-03-26 08:15:00+00:00,0.19187109172344208
2026-03-26 08:30:00+00:00,0.19169023633003235
2026-03-26 08:45:00+00:00,0.1914263665676117
2026-03-26 09:00:00+00:00,0.19183126091957092
2026-03-26 09:15:00+00:00,0.19167593121528625
2026-03-26 09:30:00+00:00,0.18984906375408173
2026-03-26 09:45:00+00:00,0.1897985339164734
2026-03-26 10:00:00+00:00,0.18881458044052124
2026-03-26 10:15:00+00:00,0.18920773267745972
2026-03-26 10:30:00+00:00,0.1889919489622116
2026-03-26 10:45:00+00:00,0.18912243843078613
2026-03-26 11:00:00+00:00,0.18904843926429749
2026-03-26 11:15:00+00:00,0.18872013688087463
2026-03-26 11:30:00+00:00,0.18880337476730347
2026-03-26 11:45:00+00:00,0.1886482834815979
2026-03-26 12:00:00+00:00,0.1884455382823944
2026-03-26 12:15:00+00:00,0.1883905827999115
2026-03-26 12:30:00+00:00,0.18777604401111603
2026-03-26 12:45:00+00:00,0.18776102364063263
2026-03-26 13:00:00+00:00,0.18800267577171326
2026-03-26 13:15:00+00:00,0.18787814676761627
2026-03-26 13:30:00+00:00,0.1871110200881958
2026-03-26 13:45:00+00:00,0.18922825157642365
2026-03-26 14:00:00+00:00,0.18894320726394653
2026-03-26 14:15:00+00:00,0.1891748607158661
2026-03-26 14:30:00+00:00,0.18933232128620148
2026-03-26 14:45:00+00:00,0.18894220888614655
2026-03-26 15:00:00+00:00,0.18787452578544617
2026-03-26 15:15:00+00:00,0.18720142543315887
2026-03-26 15:30:00+00:00,0.18739692866802216
2026-03-26 15:45:00+00:00,0.18707597255706787
2026-03-26 16:00:00+00:00,0.18723483383655548
2026-03-26 16:15:00+00:00,0.18684326112270355
2026-03-26 16:30:00+00:00,0.1865500509738922
2026-03-26 16:45:00+00:00,0.1864292174577713
2026-03-26 17:00:00+00:00,0.1865224987268448
2026-03-26 17:15:00+00:00,0.18652889132499695
2026-03-26 17:30:00+00:00,0.18583182990550995
2026-03-26 17:45:00+00:00,0.18489529192447662
2026-03-26 18:00:00+00:00,0.18469639122486115
2026-03-26 18:15:00+00:00,0.18436506390571594
2026-03-26 18:30:00+00:00,0.1847597360610962
2026-03-26 18:45:00+00:00,0.18536876142024994
2026-03-26 19:00:00+00:00,0.18487900495529175
2026-03-26 19:15:00+00:00,0.18435530364513397
2026-03-26 19:30:00+00:00,0.18406979739665985
2026-03-26 19:45:00+00:00,0.18429671227931976
2026-03-26 20:00:00+00:00,0.18622620403766632
2026-03-26 20:15:00+00:00,0.1877516359090805
2026-03-26 20:30:00+00:00,0.18742911517620087
2026-03-26 20:45:00+00:00,0.1866825819015503
2026-03-26 21:00:00+00:00,0.186082124710083
2026-03-26 21:15:00+00:00,0.18723642826080322
2026-03-26 21:30:00+00:00,0.18682347238063812
2026-03-26 21:45:00+00:00,0.18672150373458862
2026-03-26 22:00:00+00:00,0.18674813210964203
2026-03-26 22:15:00+00:00,0.1860813945531845
2026-03-26 22:30:00+00:00,0.18614040315151215
2026-03-26 22:45:00+00:00,0.18627816438674927
2026-03-26 23:00:00+00:00,0.18633146584033966
2026-03-26 23:15:00+00:00,0.1858518123626709
2026-03-26 23:30:00+00:00,0.18592457473278046
2026-03-26 23:45:00+00:00,0.18628452718257904
2026-03-27 00:00:00+00:00,0.18695209920406342
2026-03-27 00:15:00+00:00,0.1867099404335022
2026-03-27 00:30:00+00:00,0.18685440719127655
2026-03-27 00:45:00+00:00,0.1864406317472458
2026-03-27 01:00:00+00:00,0.18648505210876465
2026-03-27 01:15:00+00:00,0.18661029636859894
2026-03-27 01:30:00+00:00,0.18602237105369568
2026-03-27 01:45:00+00:00,0.1863199770450592
2026-03-27 02:00:00+00:00,0.18634556233882904
2026-03-27 02:15:00+00:00,0.18640001118183136
2026-03-27 02:30:00+00:00,0.18595080077648163
2026-03-27 02:45:00+00:00,0.18596968054771423
2026-03-27 03:00:00+00:00,0.18582120537757874
2026-03-27 03:15:00+00:00,0.18579553067684174
2026-03-27 03:30:00+00:00,0.18603216111660004
2026-03-27 03:45:00+00:00,0.18581148982048035
2026-03-27 04:00:00+00:00,0.18485106527805328
2026-03-27 04:15:00+00:00,0.1854081153869629
2026-03-27 04:30:00+00:00,0.1851528137922287
2026-03-27 04:45:00+00:00,0.18477103114128113
2026-03-27 05:00:00+00:00,0.18491050601005554
2026-03-27 05:15:00+00:00,0.18538148701190948
2026-03-27 05:30:00+00:00,0.18514412641525269
2026-03-27 05:45:00+00:00,0.18499745428562164
2026-03-27 06:00:00+00:00,0.18441742658615112
2026-03-27 06:15:00+00:00,0.1846175342798233
2026-03-27 06:30:00+00:00,0.184708371758461
2026-03-27 06:45:00+00:00,0.1849312037229538
2026-03-27 07:00:00+00:00,0.18489031493663788
2026-03-27 07:15:00+00:00,0.18494902551174164
2026-03-27 07:30:00+00:00,0.18489231169223785
2026-03-27 07:45:00+00:00,0.18523216247558594
2026-03-27 08:00:00+00:00,0.18524402379989624
2026-03-27 08:15:00+00:00,0.18516041338443756
2026-03-27 08:30:00+00:00,0.18378551304340363
2026-03-27 08:45:00+00:00,0.18499131500720978
2026-03-27 09:00:00+00:00,0.182752788066864
2026-03-27 09:15:00+00:00,0.18315571546554565
2026-03-27 09:30:00+00:00,0.18286406993865967
2026-03-27 09:45:00+00:00,0.18301378190517426
2026-03-27 10:00:00+00:00,0.18298327922821045
2026-03-27 10:15:00+00:00,0.18306300044059753
2026-03-27 10:30:00+00:00,0.1816592961549759
2026-03-27 10:45:00+00:00,0.17957280576229095
2026-03-27 11:00:00+00:00,0.17992176115512848
2026-03-27 11:15:00+00:00,0.1800939440727234
2026-03-27 11:30:00+00:00,0.18020595610141754
2026-03-27 11:45:00+00:00,0.18039490282535553
2026-03-27 12:00:00+00:00,0.1795952171087265
2026-03-27 12:15:00+00:00,0.179059237241745
2026-03-27 12:30:00+00:00,0.17830561101436615
2026-03-27 12:45:00+00:00,0.17854005098342896
2026-03-27 13:00:00+00:00,0.17850902676582336
2026-03-27 13:15:00+00:00,0.17867527902126312
2026-03-27 13:30:00+00:00,0.17820191383361816
2026-03-27 13:45:00+00:00,0.1778147667646408
2026-03-27 14:00:00+00:00,0.17854589223861694
2026-03-27 14:15:00+00:00,0.17785407602787018
2026-03-27 14:30:00+00:00,0.1784660816192627
2026-03-27 14:45:00+00:00,0.179083913564682
2026-03-27 15:00:00+00:00,0.17957936227321625
2026-03-27 15:15:00+00:00,0.17917342483997345
2026-03-27 15:30:00+00:00,0.17972365021705627
2026-03-27 15:45:00+00:00,0.17910932004451752
2026-03-27 16:00:00+00:00,0.17809706926345825
2026-03-27 16:15:00+00:00,0.17802433669567108
2026-03-27 16:30:00+00:00,0.17818863689899445
2026-03-27 16:45:00+00:00,0.17858025431632996
2026-03-27 17:00:00+00:00,0.17896616458892822
2026-03-27 17:15:00+00:00,0.17852097749710083
2026-03-27 17:30:00+00:00,0.17841990292072296
2026-03-27 17:45:00+00:00,0.1784726083278656
2026-03-27 18:00:00+00:00,0.17843015491962433
2026-03-27 18:15:00+00:00,0.17774274945259094
2026-03-27 18:30:00+00:00,0.17752881348133087
2026-03-27 18:45:00+00:00,0.17758116126060486
2026-03-27 19:00:00+00:00,0.17678698897361755
2026-03-27 19:15:00+00:00,0.1771148294210434
2026-03-27 19:30:00+00:00,0.1769406944513321
2026-03-27 19:45:00+00:00,0.17694799602031708
2026-03-27 20:00:00+00:00,0.17729361355304718
2026-03-27 20:15:00+00:00,0.17703813314437866
2026-03-27 20:30:00+00:00,0.1769426316022873
2026-03-27 20:45:00+00:00,0.17717500030994415
2026-03-27 21:00:00+00:00,0.17726165056228638
2026-03-27 21:15:00+00:00,0.17719720304012299
2026-03-27 21:30:00+00:00,0.17690077424049377
2026-03-27 21:45:00+00:00,0.17675627768039703
2026-03-27 22:00:00+00:00,0.176089808344841
2026-03-27 22:15:00+00:00,0.17585647106170654
2026-03-27 22:30:00+00:00,0.1752960979938507
2026-03-27 22:45:00+00:00,0.17546972632408142
2026-03-27 23:00:00+00:00,0.17491868138313293
2026-03-27 23:15:00+00:00,0.17477639019489288
2026-03-27 23:30:00+00:00,0.17448852956295013
2026-03-27 23:45:00+00:00,0.1745053231716156
2026-03-28 00:00:00+00:00,0.17451365292072296
2026-03-28 00:15:00+00:00,0.17441041767597198
2026-03-28 00:30:00+00:00,0.17446672916412354
2026-03-28 00:45:00+00:00,0.17465810477733612
2026-03-28 01:00:00+00:00,0.17308202385902405
2026-03-28 01:15:00+00:00,0.17319227755069733
2026-03-28 01:30:00+00:00,0.17232270538806915
2026-03-28 01:45:00+00:00,0.17258673906326294
2026-03-28 02:00:00+00:00,0.17305423319339752
2026-03-28 02:15:00+00:00,0.172542542219162
2026-03-28 02:30:00+00:00,0.1718284785747528
2026-03-28 02:45:00+00:00,0.17174452543258667
2026-03-28 03:00:00+00:00,0.17133291065692902
2026-03-28 03:15:00+00:00,0.17143514752388
2026-03-28 03:30:00+00:00,0.17116962373256683
2026-03-28 03:45:00+00:00,0.17102667689323425
2026-03-28 04:00:00+00:00,0.17129294574260712
2026-03-28 04:15:00+00:00,0.17198768258094788
2026-03-28 04:30:00+00:00,0.17206306755542755
2026-03-28 04:45:00+00:00,0.1721324324607849
2026-03-28 05:00:00+00:00,0.17237751185894012
2026-03-28 05:15:00+00:00,0.172406405210495
2026-03-28 05:30:00+00:00,0.17263393104076385
2026-03-28 05:45:00+00:00,0.17301145195960999
2026-03-28 06:00:00+00:00,0.17245271801948547
2026-03-28 06:15:00+00:00,0.17292381823062897
2026-03-28 06:30:00+00:00,0.17209678888320923
2026-03-28 06:45:00+00:00,0.17218728363513947
2026-03-28 07:00:00+00:00,0.1723318099975586
2026-03-28 07:15:00+00:00,0.17211583256721497
2026-03-28 07:30:00+00:00,0.1714538335800171
2026-03-28 07:45:00+00:00,0.17150059342384338
2026-03-28 08:00:00+00:00,0.17231616377830505
2026-03-28 08:15:00+00:00,0.17330168187618256
2026-03-28 08:30:00+00:00,0.1742982566356659
2026-03-28 08:45:00+00:00,0.17398269474506378
2026-03-28 09:00:00+00:00,0.17363771796226501
2026-03-28 09:15:00+00:00,0.17358799278736115
2026-03-28 09:30:00+00:00,0.17344418168067932
2026-03-28 09:45:00+00:00,0.17361193895339966
2026-03-28 10:00:00+00:00,0.17478060722351074
2026-03-28 10:15:00+00:00,0.1742367297410965
2026-03-28 10:30:00+00:00,0.17320042848587036
2026-03-28 10:45:00+00:00,0.17339222133159637
2026-03-28 11:00:00+00:00,0.17344671487808228
2026-03-28 11:15:00+00:00,0.17337554693222046
2026-03-28 11:30:00+00:00,0.173614963889122
2026-03-28 11:45:00+00:00,0.173798605799675
2026-03-28 12:00:00+00:00,0.17346131801605225
2026-03-28 12:15:00+00:00,0.17356079816818237
2026-03-28 12:30:00+00:00,0.17250101268291473
2026-03-28 12:45:00+00:00,0.17246408760547638
2026-03-28 13:00:00+00:00,0.17252351343631744
2026-03-28 13:15:00+00:00,0.17247077822685242
2026-03-28 13:30:00+00:00,0.17441660165786743
2026-03-28 13:45:00+00:00,0.1744617521762848
2026-03-28 14:00:00+00:00,0.17405015230178833
2026-03-28 14:15:00+00:00,0.17422257363796234
2026-03-28 14:30:00+00:00,0.17386575043201447
2026-03-28 14:45:00+00:00,0.17303404211997986
2026-03-28 15:00:00+00:00,0.17324230074882507
2026-03-28 15:15:00+00:00,0.17489223182201385
2026-03-28 15:30:00+00:00,0.17465370893478394
2026-03-28 15:45:00+00:00,0.17436249554157257
2026-03-28 16:00:00+00:00,0.17400164902210236
2026-03-28 16:15:00+00:00,0.1744224727153778
2026-03-28 16:30:00+00:00,0.17415419220924377
2026-03-28 16:45:00+00:00,0.1745038628578186
2026-03-28 17:00:00+00:00,0.17443889379501343
2026-03-28 17:15:00+00:00,0.17361430823802948
2026-03-28 17:30:00+00:00,0.17326407134532928
2026-03-28 17:45:00+00:00,0.17389029264450073
2026-03-28 18:00:00+00:00,0.17421992123126984
2026-03-28 18:15:00+00:00,0.17425161600112915
2026-03-28 18:30:00+00:00,0.17535285651683807
2026-03-28 18:45:00+00:00,0.1755080223083496
2026-03-28 19:00:00+00:00,0.17529770731925964
2026-03-28 19:15:00+00:00,0.1752646416425705
2026-03-28 19:30:00+00:00,0.17468896508216858
2026-03-28 19:45:00+00:00,0.17461179196834564
2026-03-28 20:00:00+00:00,0.17550107836723328
2026-03-28 20:15:00+00:00,0.17547066509723663
2026-03-28 20:30:00+00:00,0.1754993349313736
2026-03-28 20:45:00+00:00,0.1752934604883194
2026-03-28 21:00:00+00:00,0.17412929236888885
2026-03-28 21:15:00+00:00,0.1735037863254547
2026-03-28 21:30:00+00:00,0.17305907607078552
2026-03-28 21:45:00+00:00,0.17194105684757233
2026-03-28 22:00:00+00:00,0.17166300117969513
2026-03-28 22:15:00+00:00,0.1715039312839508
2026-03-28 22:30:00+00:00,0.17139257490634918
2026-03-28 22:45:00+00:00,0.17150859534740448
2026-03-28 23:00:00+00:00,0.170304536819458
2026-03-28 23:15:00+00:00,0.1704356074333191
2026-03-28 23:30:00+00:00,0.1702730506658554
2026-03-28 23:45:00+00:00,0.16874080896377563
2026-03-29 00:00:00+00:00,0.16917651891708374
2026-03-29 00:15:00+00:00,0.1688237190246582
2026-03-29 00:30:00+00:00,0.16905577480793
2026-03-29 00:45:00+00:00,0.16934089362621307
2026-03-29 01:00:00+00:00,0.17034298181533813
2026-03-29 01:15:00+00:00,0.17036902904510498
2026-03-29 01:30:00+00:00,0.1700027585029602
2026-03-29 01:45:00+00:00,0.16993698477745056
2026-03-29 02:00:00+00:00,0.17006008327007294
2026-03-29 02:15:00+00:00,0.1703157275915146
2026-03-29 02:30:00+00:00,0.17036576569080353
2026-03-29 02:45:00+00:00,0.17034971714019775
2026-03-29 03:00:00+00:00,0.17057988047599792
2026-03-29 03:15:00+00:00,0.17124386131763458
2026-03-29 03:30:00+00:00,0.17098195850849152
2026-03-29 03:45:00+00:00,0.17121613025665283
2026-03-29 04:00:00+00:00,0.17198902368545532
2026-03-29 04:15:00+00:00,0.1716795563697815
2026-03-29 04:30:00+00:00,0.17137055099010468
2026-03-29 04:45:00+00:00,0.17119358479976654
2026-03-29 05:00:00+00:00,0.17108725011348724
2026-03-29 05:15:00+00:00,0.170939639210701
2026-03-29 05:30:00+00:00,0.17102289199829102
2026-03-29 05:45:00+00:00,0.1712942123413086
2026-03-29 06:00:00+00:00,0.1713304966688156
2026-03-29 06:15:00+00:00,0.1712084412574768
2026-03-29 06:30:00+00:00,0.17116978764533997
2026-03-29 06:45:00+00:00,0.1712191104888916
2026-03-29 07:00:00+00:00,0.17060543596744537
2026-03-29 07:15:00+00:00,0.17032091319561005
2026-03-29 07:30:00+00:00,0.17007875442504883
2026-03-29 07:45:00+00:00,0.1700478196144104
2026-03-29 08:00:00+00:00,0.1697862446308136
2026-03-29 08:15:00+00:00,0.16983374953269958
2026-03-29 08:30:00+00:00,0.1703777015209198
2026-03-29 08:45:00+00:00,0.17040467262268066
2026-03-29 09:00:00+00:00,0.17017148435115814
2026-03-29 09:15:00+00:00,0.1704857349395752
2026-03-29 09:30:00+00:00,0.17048758268356323
2026-03-29 09:45:00+00:00,0.17038577795028687
2026-03-29 10:00:00+00:00,0.17021706700325012
2026-03-29 10:15:00+00:00,0.16997556388378143
2026-03-29 10:30:00+00:00,0.1693899929523468
2026-03-29 10:45:00+00:00,0.16942110657691956
2026-03-29 11:00:00+00:00,0.16997531056404114
2026-03-29 11:15:00+00:00,0.1698097586631775
2026-03-29 11:30:00+00:00,0.17021915316581726
2026-03-29 11:45:00+00:00,0.16992604732513428
2026-03-29 12:00:00+00:00,0.1698521226644516
2026-03-29 12:15:00+00:00,0.1695607453584671
2026-03-29 12:30:00+00:00,0.1687398999929428
2026-03-29 12:45:00+00:00,0.16924336552619934
2026-03-29 13:00:00+00:00,0.1681714951992035
2026-03-29 13:15:00+00:00,0.16831724345684052
2026-03-29 13:30:00+00:00,0.16925498843193054
2026-03-29 13:45:00+00:00,0.16876287758350372
2026-03-29 14:00:00+00:00,0.1690317988395691
2026-03-29 14:15:00+00:00,0.168971985578537
2026-03-29 14:30:00+00:00,0.16944169998168945
2026-03-29 14:45:00+00:00,0.16933970153331757
2026-03-29 15:00:00+00:00,0.16926617920398712
2026-03-29 15:15:00+00:00,0.16899873316287994
2026-03-29 15:30:00+00:00,0.16928152740001678
2026-03-29 15:45:00+00:00,0.16927868127822876
2026-03-29 16:00:00+00:00,0.16936923563480377
2026-03-29 16:15:00+00:00,0.1700039952993393
2026-03-29 16:30:00+00:00,0.1689608097076416
2026-03-29 16:45:00+00:00,0.1688004583120346
2026-03-29 17:00:00+00:00,0.16851253807544708
2026-03-29 17:15:00+00:00,0.1683872491121292
2026-03-29 17:30:00+00:00,0.1688532531261444
2026-03-29 17:45:00+00:00,0.16907009482383728
2026-03-29 18:00:00+00:00,0.16903139650821686
2026-03-29 18:15:00+00:00,0.16884610056877136
2026-03-29 18:30:00+00:00,0.1693846881389618
2026-03-29 18:45:00+00:00,0.16909417510032654
2026-03-29 19:00:00+00:00,0.16881105303764343
2026-03-29 19:15:00+00:00,0.16872258484363556
2026-03-29 19:30:00+00:00,0.16826191544532776
2026-03-29 19:45:00+00:00,0.16831083595752716
2026-03-29 20:00:00+00:00,0.16834300756454468
2026-03-29 20:15:00+00:00,0.16901038587093353
2026-03-29 20:30:00+00:00,0.1683877855539322
2026-03-29 20:45:00+00:00,0.1684998720884323
2026-03-29 21:00:00+00:00,0.16888922452926636
2026-03-29 21:15:00+00:00,0.1688726544380188
2026-03-29 21:30:00+00:00,0.1689772605895996
2026-03-29 21:45:00+00:00,0.1692718267440796
2026-03-29 22:00:00+00:00,0.16824063658714294
2026-03-29 22:15:00+00:00,0.16825777292251587
2026-03-29 22:30:00+00:00,0.16733664274215698
2026-03-29 22:45:00+00:00,0.16734673082828522
2026-03-29 23:00:00+00:00,0.16744622588157654
2026-03-29 23:15:00+00:00,0.16735629737377167
2026-03-29 23:30:00+00:00,0.16677214205265045
2026-03-29 23:45:00+00:00,0.16688932478427887
2026-03-30 00:00:00+00:00,0.1670105755329132
2026-03-30 00:15:00+00:00,0.1700725108385086
2026-03-30 00:30:00+00:00,0.16963860392570496
2026-03-30 00:45:00+00:00,0.169311985373497
2026-03-30 01:00:00+00:00,0.16997326910495758
2026-03-30 01:15:00+00:00,0.1701836735010147
2026-03-30 01:30:00+00:00,0.1703471839427948
2026-03-30 01:45:00+00:00,0.17098292708396912
2026-03-30 02:00:00+00:00,0.1717592179775238
2026-03-30 02:15:00+00:00,0.17145289480686188
2026-03-30 02:30:00+00:00,0.17090554535388947
2026-03-30 02:45:00+00:00,0.17202945053577423
2026-03-30 03:00:00+00:00,0.1717318594455719
2026-03-30 03:15:00+00:00,0.17194746434688568
2026-03-30 03:30:00+00:00,0.17230068147182465
2026-03-30 03:45:00+00:00,0.172462597489357
2026-03-30 04:00:00+00:00,0.1734711080789566
2026-03-30 04:15:00+00:00,0.17358244955539703
2026-03-30 04:30:00+00:00,0.17342595756053925
2026-03-30 04:45:00+00:00,0.17359435558319092
2026-03-30 05:00:00+00:00,0.17374247312545776
2026-03-30 05:15:00+00:00,0.17327693104743958
2026-03-30 05:30:00+00:00,0.17272372543811798
2026-03-30 05:45:00+00:00,0.17220637202262878
2026-03-30 06:00:00+00:00,0.17153900861740112
2026-03-30 06:15:00+00:00,0.17154154181480408
2026-03-30 06:30:00+00:00,0.17131970822811127
2026-03-30 06:45:00+00:00,0.17148053646087646
2026-03-30 07:00:00+00:00,0.17175579071044922
2026-03-30 07:15:00+00:00,0.17135421931743622
2026-03-30 07:30:00+00:00,0.1712455302476883
2026-03-30 07:45:00+00:00,0.1728392392396927
2026-03-30 08:00:00+00:00,0.17304252088069916
2026-03-30 08:15:00+00:00,0.1733066290616989
2026-03-30 08:30:00+00:00,0.17384786903858185
2026-03-30 08:45:00+00:00,0.17390716075897217
2026-03-30 09:00:00+00:00,0.17356932163238525
2026-03-30 09:15:00+00:00,0.17284055054187775
2026-03-30 09:30:00+00:00,0.17233885824680328
2026-03-30 09:45:00+00:00,0.17231228947639465
2026-03-30 10:00:00+00:00,0.1718689203262329
2026-03-30 10:15:00+00:00,0.17168663442134857
2026-03-30 10:30:00+00:00,0.17129606008529663
2026-03-30 10:45:00+00:00,0.17124947905540466
2026-03-30 11:00:00+00:00,0.17162860929965973
2026-03-30 11:15:00+00:00,0.17195077240467072
2026-03-30 11:30:00+00:00,0.1717148870229721
2026-03-30 11:45:00+00:00,0.17188239097595215
2026-03-30 12:00:00+00:00,0.17206785082817078
2026-03-30 12:15:00+00:00,0.1720852553844452
2026-03-30 12:30:00+00:00,0.17196987569332123
2026-03-30 12:45:00+00:00,0.171951562166214
2026-03-30 13:00:00+00:00,0.171583890914917
2026-03-30 13:15:00+00:00,0.17177802324295044
2026-03-30 13:30:00+00:00,0.1714266985654831
2026-03-30 13:45:00+00:00,0.1704683154821396
2026-03-30 14:00:00+00:00,0.17042721807956696
2026-03-30 14:15:00+00:00,0.1697896271944046
2026-03-30 14:30:00+00:00,0.16928014159202576
2026-03-30 14:45:00+00:00,0.1700284332036972
2026-03-30 15:00:00+00:00,0.16973340511322021
2026-03-30 15:15:00+00:00,0.16949881613254547
2026-03-30 15:30:00+00:00,0.1702648103237152
2026-03-30 15:45:00+00:00,0.16994711756706238
2026-03-30 16:00:00+00:00,0.16990680992603302
2026-03-30 16:15:00+00:00,0.1698775738477707
2026-03-30 16:30:00+00:00,0.16976262629032135
2026-03-30 16:45:00+00:00,0.1686425805091858
2026-03-30 17:00:00+00:00,0.16831304132938385
2026-03-30 17:15:00+00:00,0.1679013967514038
2026-03-30 17:30:00+00:00,0.16735273599624634
2026-03-30 17:45:00+00:00,0.16698682308197021
2026-03-30 18:00:00+00:00,0.166514590382576
2026-03-30 18:15:00+00:00,0.16628368198871613
2026-03-30 18:30:00+00:00,0.16633988916873932
2026-03-30 18:45:00+00:00,0.16575972735881805
2026-03-30 19:00:00+00:00,0.1652456820011139
2026-03-30 19:15:00+00:00,0.1652715653181076
2026-03-30 19:30:00+00:00,0.16482357680797577
2026-03-30 19:45:00+00:00,0.16577517986297607
2026-03-30 20:00:00+00:00,0.1662788838148117
2026-03-30 20:15:00+00:00,0.16616669297218323
2026-03-30 20:30:00+00:00,0.16599221527576447
2026-03-30 20:45:00+00:00,0.16602343320846558
2026-03-30 21:00:00+00:00,0.16616109013557434
2026-03-30 21:15:00+00:00,0.1667850911617279
2026-03-30 21:30:00+00:00,0.16723550856113434
2026-03-30 21:45:00+00:00,0.1669255495071411
2026-03-30 22:00:00+00:00,0.16591279208660126
2026-03-30 22:15:00+00:00,0.16546626389026642
2026-03-30 22:30:00+00:00,0.16522549092769623
2026-03-30 22:45:00+00:00,0.16529832780361176
2026-03-30 23:00:00+00:00,0.16355963051319122
2026-03-30 23:15:00+00:00,0.16332240402698517
2026-03-30 23:30:00+00:00,0.16344858705997467
2026-03-30 23:45:00+00:00,0.16338512301445007
2026-03-31 00:00:00+00:00,0.16331295669078827
2026-03-31 00:15:00+00:00,0.16337916254997253
2026-03-31 00:30:00+00:00,0.16330620646476746
2026-03-31 00:45:00+00:00,0.16326360404491425
2026-03-31 01:00:00+00:00,0.1634690761566162
2026-03-31 01:15:00+00:00,0.16420410573482513
2026-03-31 01:30:00+00:00,0.16592036187648773
2026-03-31 01:45:00+00:00,0.16502618789672852
2026-03-31 02:00:00+00:00,0.1644153892993927
2026-03-31 02:15:00+00:00,0.16499118506908417
2026-03-31 02:30:00+00:00,0.1647840440273285
2026-03-31 02:45:00+00:00,0.1644616276025772
2026-03-31 03:00:00+00:00,0.1634431779384613
2026-03-31 03:15:00+00:00,0.16232675313949585
2026-03-31 03:30:00+00:00,0.16295868158340454
2026-03-31 03:45:00+00:00,0.16326552629470825
2026-03-31 04:00:00+00:00,0.1630512773990631
2026-03-31 04:15:00+00:00,0.1628689020872116
2026-03-31 04:30:00+00:00,0.16309738159179688
2026-03-31 04:45:00+00:00,0.16329346597194672
2026-03-31 05:00:00+00:00,0.16352643072605133
2026-03-31 05:15:00+00:00,0.16357512772083282
2026-03-31 05:30:00+00:00,0.16361401975154877
2026-03-31 05:45:00+00:00,0.16364383697509766
2026-03-31 06:00:00+00:00,0.16310086846351624
2026-03-31 06:15:00+00:00,0.16319133341312408
2026-03-31 06:30:00+00:00,0.16338586807250977
2026-03-31 06:45:00+00:00,0.16394977271556854
2026-03-31 07:00:00+00:00,0.16343042254447937
2026-03-31 07:15:00+00:00,0.16338442265987396
2026-03-31 07:30:00+00:00,0.16384893655776978
2026-03-31 07:45:00+00:00,0.16351771354675293
2026-03-31 08:00:00+00:00,0.16333773732185364
2026-03-31 08:15:00+00:00,0.16390863060951233
2026-03-31 08:30:00+00:00,0.16288428008556366
2026-03-31 08:45:00+00:00,0.16299892961978912
2026-03-31 09:00:00+00:00,0.16334304213523865
2026-03-31 09:15:00+00:00,0.1629260927438736
2026-03-31 09:30:00+00:00,0.16299553215503693
2026-03-31 09:45:00+00:00,0.1618298888206482
2026-03-31 10:00:00+00:00,0.16227160394191742
2026-03-31 10:15:00+00:00,0.16231650114059448
2026-03-31 10:30:00+00:00,0.16089104115962982
2026-03-31 10:45:00+00:00,0.16108959913253784
2026-03-31 11:00:00+00:00,0.16133852303028107
2026-03-31 11:15:00+00:00,0.16228830814361572
2026-03-31 11:30:00+00:00,0.16225069761276245
2026-03-31 11:45:00+00:00,0.16229742765426636
2026-03-31 12:00:00+00:00,0.16266795992851257
2026-03-31 12:15:00+00:00,0.16249504685401917
2026-03-31 12:30:00+00:00,0.16253994405269623
2026-03-31 12:45:00+00:00,0.16221438348293304
2026-03-31 13:00:00+00:00,0.16266649961471558
2026-03-31 13:15:00+00:00,0.16253562271595
2026-03-31 13:30:00+00:00,0.1629408597946167
2026-03-31 13:45:00+00:00,0.1633012741804123
2026-03-31 14:00:00+00:00,0.1629844605922699
2026-03-31 14:15:00+00:00,0.16389968991279602
2026-03-31 14:30:00+00:00,0.16392365097999573
2026-03-31 14:45:00+00:00,0.16194503009319305
2026-03-31 15:00:00+00:00,0.16348019242286682
2026-03-31 15:15:00+00:00,0.16463345289230347
2026-03-31 15:30:00+00:00,0.1638089120388031
2026-03-31 15:45:00+00:00,0.16341088712215424
2026-03-31 16:00:00+00:00,0.16396309435367584
2026-03-31 16:15:00+00:00,0.1640574038028717
2026-03-31 16:30:00+00:00,0.16627144813537598
2026-03-31 16:45:00+00:00,0.16513575613498688
2026-03-31 17:00:00+00:00,0.1660374253988266
2026-03-31 17:15:00+00:00,0.16684480011463165
2026-03-31 17:30:00+00:00,0.16518324613571167
2026-03-31 17:45:00+00:00,0.16452836990356445
2026-03-31 18:00:00+00:00,0.1650269776582718
2026-03-31 18:15:00+00:00,0.16453541815280914
2026-03-31 18:30:00+00:00,0.1644442081451416
2026-03-31 18:45:00+00:00,0.16471457481384277
2026-03-31 19:00:00+00:00,0.1650191992521286
2026-03-31 19:15:00+00:00,0.1651224046945572
2026-03-31 19:30:00+00:00,0.16526637971401215
2026-03-31 19:45:00+00:00,0.16501685976982117
2026-03-31 20:00:00+00:00,0.16519314050674438
2026-03-31 20:15:00+00:00,0.16520124673843384
2026-03-31 20:30:00+00:00,0.16519631445407867
2026-03-31 20:45:00+00:00,0.16516239941120148
2026-03-31 21:00:00+00:00,0.16462919116020203
2026-03-31 21:15:00+00:00,0.16436606645584106
2026-03-31 21:30:00+00:00,0.16440047323703766
2026-03-31 21:45:00+00:00,0.16439908742904663
2026-03-31 22:00:00+00:00,0.16437527537345886
2026-03-31 22:15:00+00:00,0.16431710124015808
2026-03-31 22:30:00+00:00,0.16405771672725677
2026-03-31 22:45:00+00:00,0.16409483551979065
2026-03-31 23:00:00+00:00,0.1642044335603714
2026-03-31 23:15:00+00:00,0.164679154753685
2026-03-31 23:30:00+00:00,0.16499702632427216
2026-03-31 23:45:00+00:00,0.16560497879981995
2026-04-01 00:00:00+00:00,0.16578969359397888
2026-04-01 00:15:00+00:00,0.1659918874502182
2026-04-01 00:30:00+00:00,0.1659553498029709
2026-04-01 00:45:00+00:00,0.1661871075630188
2026-04-01 01:00:00+00:00,0.16637830436229706
2026-04-01 01:15:00+00:00,0.16633345186710358
2026-04-01 01:30:00+00:00,0.16580206155776978
2026-04-01 01:45:00+00:00,0.16577434539794922
2026-04-01 02:00:00+00:00,0.16546811163425446
2026-04-01 02:15:00+00:00,0.16449587047100067
2026-04-01 02:30:00+00:00,0.16432978212833405
2026-04-01 02:45:00+00:00,0.16426286101341248
2026-04-01 03:00:00+00:00,0.16582828760147095
2026-04-01 03:15:00+00:00,0.1654382050037384
2026-04-01 03:30:00+00:00,0.1654355227947235
2026-04-01 03:45:00+00:00,0.1658342182636261
2026-04-01 04:00:00+00:00,0.16531214118003845
2026-04-01 04:15:00+00:00,0.16540515422821045
2026-04-01 04:30:00+00:00,0.16590173542499542
2026-04-01 04:45:00+00:00,0.16599494218826294
2026-04-01 05:00:00+00:00,0.16566890478134155
2026-04-01 05:15:00+00:00,0.1668657809495926
2026-04-01 05:30:00+00:00,0.16650497913360596
2026-04-01 05:45:00+00:00,0.16679690778255463
2026-04-01 06:00:00+00:00,0.1680234670639038
2026-04-01 06:15:00+00:00,0.1684146374464035
2026-04-01 06:30:00+00:00,0.16798125207424164
2026-04-01 06:45:00+00:00,0.16820450127124786
2026-04-01 07:00:00+00:00,0.16896310448646545
2026-04-01 07:15:00+00:00,0.16841183602809906
2026-04-01 07:30:00+00:00,0.1682591736316681
2026-04-01 07:45:00+00:00,0.1683892011642456
2026-04-01 08:00:00+00:00,0.16867244243621826
2026-04-01 08:15:00+00:00,0.1684596985578537
2026-04-01 08:30:00+00:00,0.16859322786331177
2026-04-01 08:45:00+00:00,0.16788826882839203
2026-04-01 09:00:00+00:00,0.1664130836725235
2026-04-01 09:15:00+00:00,0.1665722131729126
2026-04-01 09:30:00+00:00,0.1663631945848465
2026-04-01 09:45:00+00:00,0.1664985865354538
2026-04-01 10:00:00+00:00,0.16696150600910187
2026-04-01 10:15:00+00:00,0.1670311540365219
2026-04-01 10:30:00+00:00,0.16667382419109344
2026-04-01 10:45:00+00:00,0.16675561666488647
2026-04-01 11:00:00+00:00,0.16696703433990479
2026-04-01 11:15:00+00:00,0.16712139546871185
2026-04-01 11:30:00+00:00,0.16720589995384216
2026-04-01 11:45:00+00:00,0.16719311475753784
2026-04-01 12:00:00+00:00,0.1672162264585495
2026-04-01 12:15:00+00:00,0.16729581356048584
2026-04-01 12:30:00+00:00,0.16742046177387238
2026-04-01 12:45:00+00:00,0.1680949479341507
2026-04-01 13:00:00+00:00,0.16805227100849152
2026-04-01 13:15:00+00:00,0.16854186356067657
2026-04-01 13:30:00+00:00,0.1668892353773117
2026-04-01 13:45:00+00:00,0.16632364690303802
2026-04-01 14:00:00+00:00,0.1662968248128891
2026-04-01 14:15:00+00:00,0.166820228099823
2026-04-01 14:30:00+00:00,0.1659906655550003
2026-04-01 14:45:00+00:00,0.16626612842082977
2026-04-01 15:00:00+00:00,0.16597731411457062
2026-04-01 15:15:00+00:00,0.16592873632907867
2026-04-01 15:30:00+00:00,0.1653991937637329
2026-04-01 15:45:00+00:00,0.1655113846063614
2026-04-01 16:00:00+00:00,0.16552767157554626
2026-04-01 16:15:00+00:00,0.1659022867679596
2026-04-01 16:30:00+00:00,0.16616114974021912
2026-04-01 16:45:00+00:00,0.16615839302539825
2026-04-01 17:00:00+00:00,0.16726155579090118
2026-04-01 17:15:00+00:00,0.16639648377895355
2026-04-01 17:30:00+00:00,0.16551844775676727
2026-04-01 17:45:00+00:00,0.16493940353393555
2026-04-01 18:00:00+00:00,0.16530050337314606
2026-04-01 18:15:00+00:00,0.16483846306800842
2026-04-01 18:30:00+00:00,0.1646675318479538
2026-04-01 18:45:00+00:00,0.16444271802902222
2026-04-01 19:00:00+00:00,0.16426967084407806
2026-04-01 19:15:00+00:00,0.16471992433071136
2026-04-01 19:30:00+00:00,0.1650581657886505
2026-04-01 19:45:00+00:00,0.16504114866256714
2026-04-01 20:00:00+00:00,0.16478285193443298
2026-04-01 20:15:00+00:00,0.16459980607032776
2026-04-01 20:30:00+00:00,0.164147287607193
2026-04-01 20:45:00+00:00,0.16449736058712006
2026-04-01 21:00:00+00:00,0.16470639407634735
2026-04-01 21:15:00+00:00,0.16544564068317413
2026-04-01 21:30:00+00:00,0.16534535586833954
2026-04-01 21:45:00+00:00,0.16488264501094818
2026-04-01 22:00:00+00:00,0.16501428186893463
2026-04-01 22:15:00+00:00,0.16453495621681213
2026-04-01 22:30:00+00:00,0.16445788741111755
2026-04-01 22:45:00+00:00,0.164348304271698
2026-04-01 23:00:00+00:00,0.1644819974899292
2026-04-01 23:15:00+00:00,0.16429099440574646
2026-04-01 23:30:00+00:00,0.16347478330135345
2026-04-01 23:45:00+00:00,0.16339756548404694
2026-04-02 00:00:00+00:00,0.16329920291900635
2026-04-02 00:15:00+00:00,0.1637505739927292
2026-04-02 00:30:00+00:00,0.16434019804000854
2026-04-02 00:45:00+00:00,0.16452592611312866
2026-04-02 01:00:00+00:00,0.1639413684606552
2026-04-02 01:15:00+00:00,0.16135284304618835
2026-04-02 01:30:00+00:00,0.16079789400100708
2026-04-02 01:45:00+00:00,0.16078385710716248
2026-04-02 02:00:00+00:00,0.16006430983543396
2026-04-02 02:15:00+00:00,0.1590757817029953
2026-04-02 02:30:00+00:00,0.1590159386396408
2026-04-02 02:45:00+00:00,0.15851512551307678
2026-04-02 03:00:00+00:00,0.1574135273694992
2026-04-02 03:15:00+00:00,0.15710361301898956
2026-04-02 03:30:00+00:00,0.15685412287712097
2026-04-02 03:45:00+00:00,0.1564275026321411
2026-04-02 04:00:00+00:00,0.1564868539571762
2026-04-02 04:15:00+00:00,0.15649493038654327
2026-04-02 04:30:00+00:00,0.1559886783361435
2026-04-02 04:45:00+00:00,0.15594112873077393
2026-04-02 05:00:00+00:00,0.15605735778808594
2026-04-02 05:15:00+00:00,0.1564108431339264
2026-04-02 05:30:00+00:00,0.15693283081054688
2026-04-02 05:45:00+00:00,0.1569497436285019
2026-04-02 06:00:00+00:00,0.15685907006263733
2026-04-02 06:15:00+00:00,0.1573079377412796
2026-04-02 06:30:00+00:00,0.1573518067598343
2026-04-02 06:45:00+00:00,0.15794257819652557
2026-04-02 07:00:00+00:00,0.15746915340423584
2026-04-02 07:15:00+00:00,0.15736515820026398
2026-04-02 07:30:00+00:00,0.15730799734592438
2026-04-02 07:45:00+00:00,0.15744619071483612
2026-04-02 08:00:00+00:00,0.1571149230003357
2026-04-02 08:15:00+00:00,0.1565345972776413
2026-04-02 08:30:00+00:00,0.1561577022075653
2026-04-02 08:45:00+00:00,0.15632812678813934
2026-04-02 09:00:00+00:00,0.15622368454933167
2026-04-02 09:15:00+00:00,0.15588390827178955
2026-04-02 09:30:00+00:00,0.15543584525585175
2026-04-02 09:45:00+00:00,0.15536342561244965
2026-04-02 10:00:00+00:00,0.1552940458059311
2026-04-02 10:15:00+00:00,0.1551835536956787
2026-04-02 10:30:00+00:00,0.15535710752010345
2026-04-02 10:45:00+00:00,0.15500573813915253
2026-04-02 11:00:00+00:00,0.15453962981700897
2026-04-02 11:15:00+00:00,0.1550876647233963
2026-04-02 11:30:00+00:00,0.15447083115577698
2026-04-02 11:45:00+00:00,0.15457551181316376
2026-04-02 12:00:00+00:00,0.15406376123428345
2026-04-02 12:15:00+00:00,0.15443073213100433
2026-04-02 12:30:00+00:00,0.15471096336841583
2026-04-02 12:45:00+00:00,0.1547919511795044
2026-04-02 13:00:00+00:00,0.15421830117702484
2026-04-02 13:15:00+00:00,0.1543058604001999
2026-04-02 13:30:00+00:00,0.15323762595653534
2026-04-02 13:45:00+00:00,0.153516486287117
2026-04-02 14:00:00+00:00,0.15377667546272278
2026-04-02 14:15:00+00:00,0.15338671207427979
2026-04-02 14:30:00+00:00,0.1545531153678894
2026-04-02 14:45:00+00:00,0.15506061911582947
2026-04-02 15:00:00+00:00,0.15448324382305145
2026-04-02 15:15:00+00:00,0.15300269424915314
2026-04-02 15:30:00+00:00,0.15393933653831482
2026-04-02 15:45:00+00:00,0.15380211174488068
2026-04-02 16:00:00+00:00,0.15359993278980255
2026-04-02 16:15:00+00:00,0.15318691730499268
2026-04-02 16:30:00+00:00,0.15414373576641083
2026-04-02 16:45:00+00:00,0.15350443124771118
2026-04-02 17:00:00+00:00,0.15314659476280212
2026-04-02 17:15:00+00:00,0.1540597677230835
2026-04-02 17:30:00+00:00,0.15344679355621338
2026-04-02 17:45:00+00:00,0.15282727777957916
2026-04-02 18:00:00+00:00,0.152740940451622
2026-04-02 18:15:00+00:00,0.15210390090942383
2026-04-02 18:30:00+00:00,0.15248769521713257
2026-04-02 18:45:00+00:00,0.1529342085123062
2026-04-02 19:00:00+00:00,0.15260304510593414
2026-04-02 19:15:00+00:00,0.15242844820022583
2026-04-02 19:30:00+00:00,0.1520792692899704
2026-04-02 19:45:00+00:00,0.15247376263141632
2026-04-02 20:00:00+00:00,0.15310999751091003
2026-04-02 20:15:00+00:00,0.1534133404493332
2026-04-02 20:30:00+00:00,0.1543194055557251
2026-04-02 20:45:00+00:00,0.15387901663780212
2026-04-02 21:00:00+00:00,0.1529625654220581
2026-04-02 21:15:00+00:00,0.1528763324022293
2026-04-02 21:30:00+00:00,0.1524304747581482
2026-04-02 21:45:00+00:00,0.1523653119802475
2026-04-02 22:00:00+00:00,0.15249419212341309
2026-04-02 22:15:00+00:00,0.15234573185443878
2026-04-02 22:30:00+00:00,0.15221773087978363
2026-04-02 22:45:00+00:00,0.15214206278324127
2026-04-02 23:00:00+00:00,0.15209269523620605
2026-04-02 23:15:00+00:00,0.15089227259159088
2026-04-02 23:30:00+00:00,0.15133462846279144
2026-04-02 23:45:00+00:00,0.1512998342514038
2026-04-03 00:00:00+00:00,0.1514422595500946
2026-04-03 00:15:00+00:00,0.15115757286548615
2026-04-03 00:30:00+00:00,0.15105512738227844
2026-04-03 00:45:00+00:00,0.15122543275356293
2026-04-03 01:00:00+00:00,0.15114861726760864
2026-04-03 01:15:00+00:00,0.1513151377439499
2026-04-03 01:30:00+00:00,0.15099163353443146
2026-04-03 01:45:00+00:00,0.15109390020370483
2026-04-03 02:00:00+00:00,0.15113291144371033
2026-04-03 02:15:00+00:00,0.15157267451286316
2026-04-03 02:30:00+00:00,0.1511261761188507
2026-04-03 02:45:00+00:00,0.15147599577903748
2026-04-03 03:00:00+00:00,0.1514025777578354
2026-04-03 03:15:00+00:00,0.1515265703201294
2026-04-03 03:30:00+00:00,0.1512894630432129
2026-04-03 03:45:00+00:00,0.15152576565742493
2026-04-03 04:00:00+00:00,0.15149404108524323
2026-04-03 04:15:00+00:00,0.15105459094047546
2026-04-03 04:30:00+00:00,0.15083983540534973
2026-04-03 04:45:00+00:00,0.15089775621891022
2026-04-03 05:00:00+00:00,0.15116332471370697
2026-04-03 05:15:00+00:00,0.1513739973306656
2026-04-03 05:30:00+00:00,0.15212808549404144
2026-04-03 05:45:00+00:00,0.15200522541999817
2026-04-03 06:00:00+00:00,0.1517920196056366
2026-04-03 06:15:00+00:00,0.15189239382743835
2026-04-03 06:30:00+00:00,0.1516062319278717
2026-04-03 06:45:00+00:00,0.15155622363090515
2026-04-03 07:00:00+00:00,0.15157105028629303
2026-04-03 07:15:00+00:00,0.15159718692302704
2026-04-03 07:30:00+00:00,0.15203841030597687
2026-04-03 07:45:00+00:00,0.1519591212272644
2026-04-03 08:00:00+00:00,0.1526765674352646
2026-04-03 08:15:00+00:00,0.15313886106014252
2026-04-03 08:30:00+00:00,0.15346591174602509
2026-04-03 08:45:00+00:00,0.1534288078546524
2026-04-03 09:00:00+00:00,0.15338009595870972
2026-04-03 09:15:00+00:00,0.15331405401229858
2026-04-03 09:30:00+00:00,0.15290404856204987
2026-04-03 09:45:00+00:00,0.1531432420015335
2026-04-03 10:00:00+00:00,0.1531500220298767
2026-04-03 10:15:00+00:00,0.15290191769599915
2026-04-03 10:30:00+00:00,0.15238437056541443
2026-04-03 10:45:00+00:00,0.15236632525920868
2026-04-03 11:00:00+00:00,0.15255239605903625
2026-04-03 11:15:00+00:00,0.15246738493442535
2026-04-03 11:30:00+00:00,0.15293735265731812
2026-04-03 11:45:00+00:00,0.1525694578886032
2026-04-03 12:00:00+00:00,0.15265198051929474
2026-04-03 12:15:00+00:00,0.15254129469394684
2026-04-03 12:30:00+00:00,0.15177631378173828
2026-04-03 12:45:00+00:00,0.15180616080760956
2026-04-03 13:00:00+00:00,0.15100155770778656
2026-04-03 13:15:00+00:00,0.15110325813293457
2026-04-03 13:30:00+00:00,0.15110965073108673
2026-04-03 13:45:00+00:00,0.15117548406124115
2026-04-03 14:00:00+00:00,0.15124262869358063
2026-04-03 14:15:00+00:00,0.15189224481582642
2026-04-03 14:30:00+00:00,0.15194155275821686
2026-04-03 14:45:00+00:00,0.15302632749080658
2026-04-03 15:00:00+00:00,0.15327414870262146
2026-04-03 15:15:00+00:00,0.15259526669979095
2026-04-03 15:30:00+00:00,0.15155625343322754
2026-04-03 15:45:00+00:00,0.1514289230108261
2026-04-03 16:00:00+00:00,0.15125615894794464
2026-04-03 16:15:00+00:00,0.15129072964191437
2026-04-03 16:30:00+00:00,0.15102744102478027
2026-04-03 16:45:00+00:00,0.15150965750217438
2026-04-03 17:00:00+00:00,0.15140250325202942
2026-04-03 17:15:00+00:00,0.15103779733181
2026-04-03 17:30:00+00:00,0.1511048674583435
2026-04-03 17:45:00+00:00,0.15148870646953583
2026-04-03 18:00:00+00:00,0.1513904333114624
2026-04-03 18:15:00+00:00,0.15135616064071655
2026-04-03 18:30:00+00:00,0.1513344645500183
2026-04-03 18:45:00+00:00,0.1510349065065384
2026-04-03 19:00:00+00:00,0.15096288919448853
2026-04-03 19:15:00+00:00,0.15104429423809052
2026-04-03 19:30:00+00:00,0.15070974826812744
2026-04-03 19:45:00+00:00,0.15099182724952698
2026-04-03 20:00:00+00:00,0.15107083320617676
2026-04-03 20:15:00+00:00,0.1511230766773224
2026-04-03 20:30:00+00:00,0.1515107899904251
2026-04-03 20:45:00+00:00,0.15150752663612366
2026-04-03 21:00:00+00:00,0.15163832902908325
2026-04-03 21:15:00+00:00,0.15167009830474854
2026-04-03 21:30:00+00:00,0.15208162367343903
2026-04-03 21:45:00+00:00,0.15235933661460876
2026-04-03 22:00:00+00:00,0.15191631019115448
2026-04-03 22:15:00+00:00,0.15158140659332275
2026-04-03 22:30:00+00:00,0.15132328867912292
2026-04-03 22:45:00+00:00,0.15109701454639435
2026-04-03 23:00:00+00:00,0.15086977183818817
2026-04-03 23:15:00+00:00,0.15077422559261322
2026-04-03 23:30:00+00:00,0.15081533789634705
2026-04-03 23:45:00+00:00,0.15112245082855225
2026-04-04 00:00:00+00:00,0.1511085480451584
2026-04-04 00:15:00+00:00,0.15139658749103546
2026-04-04 00:30:00+00:00,0.15146206319332123
2026-04-04 00:45:00+00:00,0.15141193568706512
2026-04-04 01:00:00+00:00,0.1512802243232727
2026-04-04 01:15:00+00:00,0.1511060744524002
2026-04-04 01:30:00+00:00,0.15101401507854462
2026-04-04 01:45:00+00:00,0.1513674408197403
2026-04-04 02:00:00+00:00,0.15118008852005005
2026-04-04 02:15:00+00:00,0.15118812024593353
2026-04-04 02:30:00+00:00,0.15112195909023285
2026-04-04 02:45:00+00:00,0.1505090892314911
2026-04-04 03:00:00+00:00,0.1500638872385025
2026-04-04 03:15:00+00:00,0.15047314763069153
2026-04-04 03:30:00+00:00,0.1505163013935089
2026-04-04 03:45:00+00:00,0.15121084451675415
2026-04-04 04:00:00+00:00,0.1511293649673462
2026-04-04 04:15:00+00:00,0.1510898470878601
2026-04-04 04:30:00+00:00,0.1510143280029297
2026-04-04 04:45:00+00:00,0.15113849937915802
2026-04-04 05:00:00+00:00,0.1513056457042694
2026-04-04 05:15:00+00:00,0.15204055607318878
2026-04-04 05:30:00+00:00,0.15221726894378662
2026-04-04 05:45:00+00:00,0.15214282274246216
2026-04-04 06:00:00+00:00,0.1518528312444687
2026-04-04 06:15:00+00:00,0.15147754549980164
2026-04-04 06:30:00+00:00,0.1516631841659546
2026-04-04 06:45:00+00:00,0.15214835107326508
2026-04-04 07:00:00+00:00,0.15232965350151062
2026-04-04 07:15:00+00:00,0.15278883278369904
2026-04-04 07:30:00+00:00,0.15269993245601654
2026-04-04 07:45:00+00:00,0.15272612869739532
2026-04-04 08:00:00+00:00,0.1523144692182541
2026-04-04 08:15:00+00:00,0.15236786007881165
2026-04-04 08:30:00+00:00,0.15179504454135895
2026-04-04 08:45:00+00:00,0.15143653750419617
2026-04-04 09:00:00+00:00,0.1515302062034607
2026-04-04 09:15:00+00:00,0.1512947678565979
2026-04-04 09:30:00+00:00,0.1513492614030838
2026-04-04 09:45:00+00:00,0.15155409276485443
2026-04-04 10:00:00+00:00,0.15154527127742767
2026-04-04 10:15:00+00:00,0.15156854689121246
2026-04-04 10:30:00+00:00,0.15246814489364624
2026-04-04 10:45:00+00:00,0.15253828465938568
2026-04-04 11:00:00+00:00,0.15239673852920532
2026-04-04 11:15:00+00:00,0.15211378037929535
2026-04-04 11:30:00+00:00,0.15226395428180695
2026-04-04 11:45:00+00:00,0.15285177528858185
2026-04-04 12:00:00+00:00,0.15283912420272827
2026-04-04 12:15:00+00:00,0.15250538289546967
2026-04-04 12:30:00+00:00,0.1524723619222641
2026-04-04 12:45:00+00:00,0.15246634185314178
2026-04-04 13:00:00+00:00,0.15257373452186584
2026-04-04 13:15:00+00:00,0.15281376242637634
2026-04-04 13:30:00+00:00,0.1525181084871292
2026-04-04 13:45:00+00:00,0.1516367346048355
2026-04-04 14:00:00+00:00,0.15145659446716309
2026-04-04 14:15:00+00:00,0.15160921216011047
2026-04-04 14:30:00+00:00,0.15102024376392365
2026-04-04 14:45:00+00:00,0.15165649354457855
2026-04-04 15:00:00+00:00,0.1526954621076584
2026-04-04 15:15:00+00:00,0.15239951014518738
2026-04-04 15:30:00+00:00,0.15247346460819244
2026-04-04 15:45:00+00:00,0.15226313471794128
2026-04-04 16:00:00+00:00,0.15227621793746948
2026-04-04 16:15:00+00:00,0.15243494510650635
2026-04-04 16:30:00+00:00,0.15228141844272614
2026-04-04 16:45:00+00:00,0.1515706181526184
2026-04-04 17:00:00+00:00,0.15160511434078217
2026-04-04 17:15:00+00:00,0.15347492694854736
2026-04-04 17:30:00+00:00,0.1534091979265213
2026-04-04 17:45:00+00:00,0.15312707424163818
2026-04-04 18:00:00+00:00,0.1529408097267151
2026-04-04 18:15:00+00:00,0.15277928113937378
2026-04-04 18:30:00+00:00,0.15268474817276
2026-04-04 18:45:00+00:00,0.15254832804203033
2026-04-04 19:00:00+00:00,0.15297646820545197
2026-04-04 19:15:00+00:00,0.15306860208511353
2026-04-04 19:30:00+00:00,0.15258365869522095
2026-04-04 19:45:00+00:00,0.1527523398399353
2026-04-04 20:00:00+00:00,0.1524401307106018
2026-04-04 20:15:00+00:00,0.15243926644325256
2026-04-04 20:30:00+00:00,0.15240421891212463
2026-04-04 20:45:00+00:00,0.15218651294708252
2026-04-04 21:00:00+00:00,0.15234380960464478
2026-04-04 21:15:00+00:00,0.15245835483074188
2026-04-04 21:30:00+00:00,0.15239059925079346
2026-04-04 21:45:00+00:00,0.1523808240890503
2026-04-04 22:00:00+00:00,0.15237115323543549
2026-04-04 22:15:00+00:00,0.15225329995155334
2026-04-04 22:30:00+00:00,0.15245620906352997
2026-04-04 22:45:00+00:00,0.15246649086475372
2026-04-04 23:00:00+00:00,0.1523958295583725
2026-04-04 23:15:00+00:00,0.15248438715934753
2026-04-04 23:30:00+00:00,0.1525314450263977
2026-04-04 23:45:00+00:00,0.15259914100170135
2026-04-05 00:00:00+00:00,0.15254302322864532
2026-04-05 00:15:00+00:00,0.15245023369789124
2026-04-05 00:30:00+00:00,0.15253466367721558
2026-04-05 00:45:00+00:00,0.1524745672941208
2026-04-05 01:00:00+00:00,0.15273389220237732
2026-04-05 01:15:00+00:00,0.15279075503349304
2026-04-05 01:30:00+00:00,0.1527019739151001
2026-04-05 01:45:00+00:00,0.15280914306640625
2026-04-05 02:00:00+00:00,0.15248508751392365
2026-04-05 02:15:00+00:00,0.152349591255188
2026-04-05 02:30:00+00:00,0.1523260474205017
2026-04-05 02:45:00+00:00,0.15235500037670135
2026-04-05 03:00:00+00:00,0.15240681171417236
2026-04-05 03:15:00+00:00,0.15247151255607605
2026-04-05 03:30:00+00:00,0.15240927040576935
2026-04-05 03:45:00+00:00,0.15246787667274475
2026-04-05 04:00:00+00:00,0.1524171680212021
2026-04-05 04:15:00+00:00,0.15243850648403168
2026-04-05 04:30:00+00:00,0.15245522558689117
2026-04-05 04:45:00+00:00,0.1523875743150711
2026-04-05 05:00:00+00:00,0.1524679958820343
2026-04-05 05:15:00+00:00,0.15231458842754364
2026-04-05 05:30:00+00:00,0.15227451920509338
2026-04-05 05:45:00+00:00,0.1519928127527237
2026-04-05 06:00:00+00:00,0.15166069567203522
2026-04-05 06:15:00+00:00,0.15142406523227692
2026-04-05 06:30:00+00:00,0.15181179344654083
2026-04-05 06:45:00+00:00,0.15175369381904602
2026-04-05 07:00:00+00:00,0.15145069360733032
2026-04-05 07:15:00+00:00,0.15155282616615295
2026-04-05 07:30:00+00:00,0.15153037011623383
2026-04-05 07:45:00+00:00,0.15100133419036865
2026-04-05 08:00:00+00:00,0.15127156674861908
2026-04-05 08:15:00+00:00,0.15128988027572632
2026-04-05 08:30:00+00:00,0.15122464299201965
2026-04-05 08:45:00+00:00,0.15139973163604736
2026-04-05 09:00:00+00:00,0.15148256719112396
2026-04-05 09:15:00+00:00,0.15156981348991394
2026-04-05 09:30:00+00:00,0.15180326998233795
2026-04-05 09:45:00+00:00,0.15176819264888763
2026-04-05 10:00:00+00:00,0.1512901484966278
2026-04-05 10:15:00+00:00,0.15137618780136108
2026-04-05 10:30:00+00:00,0.15118324756622314
2026-04-05 10:45:00+00:00,0.15055876970291138
2026-04-05 11:00:00+00:00,0.15059496462345123
2026-04-05 11:15:00+00:00,0.1503904163837433
2026-04-05 11:30:00+00:00,0.15028543770313263
2026-04-05 11:45:00+00:00,0.15041446685791016
2026-04-05 12:00:00+00:00,0.1503777652978897
2026-04-05 12:15:00+00:00,0.15025386214256287
2026-04-05 12:30:00+00:00,0.14963409304618835
2026-04-05 12:45:00+00:00,0.14955580234527588
2026-04-05 13:00:00+00:00,0.14930610358715057
2026-04-05 13:15:00+00:00,0.14881335198879242
2026-04-05 13:30:00+00:00,0.1490599364042282
2026-04-05 13:45:00+00:00,0.14963048696517944
2026-04-05 14:00:00+00:00,0.14988601207733154
2026-04-05 14:15:00+00:00,0.14979839324951172
2026-04-05 14:30:00+00:00,0.14942790567874908
2026-04-05 14:45:00+00:00,0.1493256688117981
2026-04-05 15:00:00+00:00,0.1492154896259308
2026-04-05 15:15:00+00:00,0.1497516930103302
2026-04-05 15:30:00+00:00,0.15034395456314087
2026-04-05 15:45:00+00:00,0.1503392904996872
2026-04-05 16:00:00+00:00,0.15046174824237823
2026-04-05 16:15:00+00:00,0.1503233015537262
2026-04-05 16:30:00+00:00,0.15019941329956055
2026-04-05 16:45:00+00:00,0.1494564712047577
2026-04-05 17:00:00+00:00,0.14938126504421234
2026-04-05 17:15:00+00:00,0.14936880767345428
2026-04-05 17:30:00+00:00,0.1495257019996643
2026-04-05 17:45:00+00:00,0.1500292718410492
2026-04-05 18:00:00+00:00,0.1499750167131424
2026-04-05 18:15:00+00:00,0.15015779435634613
2026-04-05 18:30:00+00:00,0.15059822797775269
2026-04-05 18:45:00+00:00,0.15033447742462158
2026-04-05 19:00:00+00:00,0.15046489238739014
2026-04-05 19:15:00+00:00,0.15095920860767365
2026-04-05 19:30:00+00:00,0.15019749104976654
2026-04-05 19:45:00+00:00,0.14987517893314362
2026-04-05 20:00:00+00:00,0.1501711905002594
2026-04-05 20:15:00+00:00,0.15025362372398376
2026-04-05 20:30:00+00:00,0.15047810971736908
2026-04-05 20:45:00+00:00,0.15051938593387604
2026-04-05 21:00:00+00:00,0.15030746161937714
2026-04-05 21:15:00+00:00,0.1496141254901886
2026-04-05 21:30:00+00:00,0.14968951046466827
2026-04-05 21:45:00+00:00,0.15018372237682343
2026-04-05 22:00:00+00:00,0.1500030755996704
2026-04-05 22:15:00+00:00,0.14996953308582306
2026-04-05 22:30:00+00:00,0.15097208321094513
2026-04-05 22:45:00+00:00,0.15224605798721313
2026-04-05 23:00:00+00:00,0.1523795872926712
2026-04-05 23:15:00+00:00,0.15387193858623505
2026-04-05 23:30:00+00:00,0.15402984619140625
2026-04-05 23:45:00+00:00,0.1540939062833786
2026-04-06 00:00:00+00:00,0.15591205656528473
2026-04-06 00:15:00+00:00,0.15536712110042572
2026-04-06 00:30:00+00:00,0.15613645315170288
2026-04-06 00:45:00+00:00,0.15595217049121857
2026-04-06 01:00:00+00:00,0.15551702678203583
2026-04-06 01:15:00+00:00,0.15551097691059113
2026-04-06 01:30:00+00:00,0.15587568283081055
2026-04-06 01:45:00+00:00,0.15557368099689484
2026-04-06 02:00:00+00:00,0.15777745842933655
2026-04-06 02:15:00+00:00,0.15772029757499695
2026-04-06 02:30:00+00:00,0.15786343812942505
2026-04-06 02:45:00+00:00,0.15862543880939484
2026-04-06 03:00:00+00:00,0.15939490497112274
2026-04-06 03:15:00+00:00,0.15918444097042084
2026-04-06 03:30:00+00:00,0.15932635962963104
2026-04-06 03:45:00+00:00,0.15936383605003357
2026-04-06 04:00:00+00:00,0.1595591902732849
2026-04-06 04:15:00+00:00,0.15929599106311798
2026-04-06 04:30:00+00:00,0.15966388583183289
2026-04-06 04:45:00+00:00,0.15930822491645813
2026-04-06 05:00:00+00:00,0.1592232882976532
2026-04-06 05:15:00+00:00,0.15943413972854614
2026-04-06 05:30:00+00:00,0.16014494001865387
2026-04-06 05:45:00+00:00,0.15995576977729797
2026-04-06 06:00:00+00:00,0.15989942848682404
2026-04-06 06:15:00+00:00,0.1578938066959381
2026-04-06 06:30:00+00:00,0.15753203630447388
2026-04-06 06:45:00+00:00,0.15753604471683502
2026-04-06 07:00:00+00:00,0.15750493109226227
2026-04-06 07:15:00+00:00,0.15780174732208252
2026-04-06 07:30:00+00:00,0.1575365662574768
2026-04-06 07:45:00+00:00,0.15744706988334656
2026-04-06 08:00:00+00:00,0.1575041264295578
2026-04-06 08:15:00+00:00,0.1575438678264618
2026-04-06 08:30:00+00:00,0.1575835645198822
2026-04-06 08:45:00+00:00,0.15664468705654144
2026-04-06 09:00:00+00:00,0.1572331190109253
2026-04-06 09:15:00+00:00,0.15777133405208588
2026-04-06 09:30:00+00:00,0.15758433938026428
2026-04-06 09:45:00+00:00,0.15827211737632751
2026-04-06 10:00:00+00:00,0.15891049802303314
2026-04-06 10:15:00+00:00,0.15914565324783325
2026-04-06 10:30:00+00:00,0.15937495231628418
2026-04-06 10:45:00+00:00,0.15944339334964752
2026-04-06 11:00:00+00:00,0.15953730046749115
2026-04-06 11:15:00+00:00,0.15922866761684418
2026-04-06 11:30:00+00:00,0.15922272205352783
2026-04-06 11:45:00+00:00,0.15918800234794617
2026-04-06 12:00:00+00:00,0.15943439304828644
2026-04-06 12:15:00+00:00,0.15899093449115753
2026-04-06 12:30:00+00:00,0.15896430611610413
2026-04-06 12:45:00+00:00,0.15911002457141876
2026-04-06 13:00:00+00:00,0.1591186225414276
2026-04-06 13:15:00+00:00,0.15904150903224945
2026-04-06 13:30:00+00:00,0.15901944041252136
2026-04-06 13:45:00+00:00,0.15949681401252747
2026-04-06 14:00:00+00:00,0.15891094505786896
2026-04-06 14:15:00+00:00,0.1586807519197464
2026-04-06 14:30:00+00:00,0.15798546373844147
2026-04-06 14:45:00+00:00,0.15849542617797852
2026-04-06 15:00:00+00:00,0.15850530564785004
2026-04-06 15:15:00+00:00,0.15843835473060608
2026-04-06 15:30:00+00:00,0.15847915410995483
2026-04-06 15:45:00+00:00,0.1585056334733963
2026-04-06 16:00:00+00:00,0.15836583077907562
2026-04-06 16:15:00+00:00,0.15855057537555695
2026-04-06 16:30:00+00:00,0.15839138627052307
2026-04-06 16:45:00+00:00,0.1579732745885849
2026-04-06 17:00:00+00:00,0.15753130614757538
2026-04-06 17:15:00+00:00,0.15736079216003418
2026-04-06 17:30:00+00:00,0.15730077028274536
2026-04-06 17:45:00+00:00,0.15714693069458008
2026-04-06 18:00:00+00:00,0.15752363204956055
2026-04-06 18:15:00+00:00,0.1572880744934082
2026-04-06 18:30:00+00:00,0.15736277401447296
2026-04-06 18:45:00+00:00,0.15719671547412872
2026-04-06 19:00:00+00:00,0.15637828409671783
2026-04-06 19:15:00+00:00,0.15614044666290283
2026-04-06 19:30:00+00:00,0.1559034138917923
2026-04-06 19:45:00+00:00,0.15587657690048218
2026-04-06 20:00:00+00:00,0.15590378642082214
2026-04-06 20:15:00+00:00,0.15576504170894623
2026-04-06 20:30:00+00:00,0.15562255680561066
2026-04-06 20:45:00+00:00,0.15557880699634552
2026-04-06 21:00:00+00:00,0.1554892212152481
2026-04-06 21:15:00+00:00,0.1555858999490738
2026-04-06 21:30:00+00:00,0.1551751047372818
2026-04-06 21:45:00+00:00,0.1550237387418747
2026-04-06 22:00:00+00:00,0.1546027958393097
2026-04-06 22:15:00+00:00,0.15491646528244019
2026-04-06 22:30:00+00:00,0.15409713983535767
2026-04-06 22:45:00+00:00,0.15301023423671722
2026-04-06 23:00:00+00:00,0.15248888731002808
2026-04-06 23:15:00+00:00,0.15188169479370117
2026-04-06 23:30:00+00:00,0.15199829638004303
2026-04-06 23:45:00+00:00,0.1520369052886963
2026-04-07 00:00:00+00:00,0.15278081595897675
2026-04-07 00:15:00+00:00,0.15260955691337585
2026-04-07 00:30:00+00:00,0.15205000340938568
2026-04-07 00:45:00+00:00,0.15220025181770325
2026-04-07 01:00:00+00:00,0.15199428796768188
2026-04-07 01:15:00+00:00,0.15262815356254578
2026-04-07 01:30:00+00:00,0.15242266654968262
2026-04-07 01:45:00+00:00,0.15189610421657562
2026-04-07 02:00:00+00:00,0.15156865119934082
2026-04-07 02:15:00+00:00,0.15208296477794647
2026-04-07 02:30:00+00:00,0.15222735702991486
2026-04-07 02:45:00+00:00,0.15206828713417053
2026-04-07 03:00:00+00:00,0.1523757427930832
2026-04-07 03:15:00+00:00,0.152163565158844
2026-04-07 03:30:00+00:00,0.15231333673000336
2026-04-07 03:45:00+00:00,0.1525120586156845
2026-04-07 04:00:00+00:00,0.15248487889766693
2026-04-07 04:15:00+00:00,0.15251487493515015
2026-04-07 04:30:00+00:00,0.1530337929725647
2026-04-07 04:45:00+00:00,0.15334992110729218
2026-04-07 05:00:00+00:00,0.15312056243419647
2026-04-07 05:15:00+00:00,0.1531100571155548
2026-04-07 05:30:00+00:00,0.1524270474910736
2026-04-07 05:45:00+00:00,0.1525459587574005
2026-04-07 06:00:00+00:00,0.15210379660129547
2026-04-07 06:15:00+00:00,0.15213125944137573
2026-04-07 06:30:00+00:00,0.15233129262924194
2026-04-07 06:45:00+00:00,0.15269199013710022
2026-04-07 07:00:00+00:00,0.15283873677253723
2026-04-07 07:15:00+00:00,0.15310031175613403
2026-04-07 07:30:00+00:00,0.15359829366207123
2026-04-07 07:45:00+00:00,0.1535547971725464
2026-04-07 08:00:00+00:00,0.15379486978054047
2026-04-07 08:15:00+00:00,0.15324486792087555
2026-04-07 08:30:00+00:00,0.15288780629634857
2026-04-07 08:45:00+00:00,0.15285341441631317
2026-04-07 09:00:00+00:00,0.1533433049917221
2026-04-07 09:15:00+00:00,0.15321782231330872
2026-04-07 09:30:00+00:00,0.1533961147069931
2026-04-07 09:45:00+00:00,0.1536952406167984
2026-04-07 10:00:00+00:00,0.15296244621276855
2026-04-07 10:15:00+00:00,0.15223166346549988
2026-04-07 10:30:00+00:00,0.15222428739070892
2026-04-07 10:45:00+00:00,0.15227533876895905
2026-04-07 11:00:00+00:00,0.15242309868335724
2026-04-07 11:15:00+00:00,0.15231941640377045
2026-04-07 11:30:00+00:00,0.15217721462249756
2026-04-07 11:45:00+00:00,0.152107372879982
2026-04-07 12:00:00+00:00,0.1512351781129837
2026-04-07 12:15:00+00:00,0.15127596259117126
2026-04-07 12:30:00+00:00,0.1511613428592682
2026-04-07 12:45:00+00:00,0.15161171555519104
2026-04-07 13:00:00+00:00,0.1521320939064026
2026-04-07 13:15:00+00:00,0.1518946886062622
2026-04-07 13:30:00+00:00,0.15207074582576752
2026-04-07 13:45:00+00:00,0.15182802081108093
2026-04-07 14:00:00+00:00,0.1513814628124237
2026-04-07 14:15:00+00:00,0.1522149294614792
2026-04-07 14:30:00+00:00,0.15188735723495483
2026-04-07 14:45:00+00:00,0.1515665352344513
2026-04-07 15:00:00+00:00,0.1513645499944687
2026-04-07 15:15:00+00:00,0.15184587240219116
2026-04-07 15:30:00+00:00,0.15152698755264282
2026-04-07 15:45:00+00:00,0.15141144394874573
2026-04-07 16:00:00+00:00,0.15148644149303436
2026-04-07 16:15:00+00:00,0.15176349878311157
2026-04-07 16:30:00+00:00,0.15210220217704773
2026-04-07 16:45:00+00:00,0.1520756334066391
2026-04-07 17:00:00+00:00,0.1518135964870453
2026-04-07 17:15:00+00:00,0.15209877490997314
2026-04-07 17:30:00+00:00,0.1537088006734848
2026-04-07 17:45:00+00:00,0.15349622070789337
2026-04-07 18:00:00+00:00,0.15311358869075775
2026-04-07 18:15:00+00:00,0.15320725739002228
2026-04-07 18:30:00+00:00,0.15329612791538239
2026-04-07 18:45:00+00:00,0.15280334651470184
2026-04-07 19:00:00+00:00,0.15286357700824738
2026-04-07 19:15:00+00:00,0.1529826670885086
2026-04-07 19:30:00+00:00,0.15289092063903809
2026-04-07 19:45:00+00:00,0.15447981655597687
2026-04-07 20:00:00+00:00,0.15512247383594513
2026-04-07 20:15:00+00:00,0.1551143229007721
2026-04-07 20:30:00+00:00,0.15544039011001587
2026-04-07 20:45:00+00:00,0.15505126118659973
2026-04-07 21:00:00+00:00,0.1568337380886078
2026-04-07 21:15:00+00:00,0.15658168494701385
2026-04-07 21:30:00+00:00,0.15771105885505676
2026-04-07 21:45:00+00:00,0.15933798253536224
2026-04-07 22:00:00+00:00,0.15979163348674774
2026-04-07 22:15:00+00:00,0.1598486453294754
2026-04-07 22:30:00+00:00,0.16173116862773895
2026-04-07 22:45:00+00:00,0.16355784237384796
2026-04-07 23:00:00+00:00,0.16731974482536316
2026-04-07 23:15:00+00:00,0.16814695298671722
2026-04-07 23:30:00+00:00,0.16642020642757416
2026-04-07 23:45:00+00:00,0.16731011867523193
2026-04-08 00:00:00+00:00,0.16662710905075073
2026-04-08 00:15:00+00:00,0.16618889570236206
2026-04-08 00:30:00+00:00,0.1662832498550415
2026-04-08 00:45:00+00:00,0.1653975546360016
2026-04-08 01:00:00+00:00,0.16534289717674255
2026-04-08 01:15:00+00:00,0.1654021441936493
2026-04-08 01:30:00+00:00,0.16602104902267456
2026-04-08 01:45:00+00:00,0.1665850579738617
2026-04-08 02:00:00+00:00,0.1682494431734085
2026-04-08 02:15:00+00:00,0.16760891675949097
2026-04-08 02:30:00+00:00,0.16612771153450012
2026-04-08 02:45:00+00:00,0.16613894701004028
2026-04-08 03:00:00+00:00,0.1668543964624405
2026-04-08 03:15:00+00:00,0.16664353013038635
2026-04-08 03:30:00+00:00,0.16720078885555267
2026-04-08 03:45:00+00:00,0.1671895682811737
2026-04-08 04:00:00+00:00,0.16738228499889374
2026-04-08 04:15:00+00:00,0.16736559569835663
2026-04-08 04:30:00+00:00,0.16741953790187836
2026-04-08 04:45:00+00:00,0.1672791838645935
2026-04-08 05:00:00+00:00,0.16826000809669495
2026-04-08 05:15:00+00:00,0.16907916963100433
2026-04-08 05:30:00+00:00,0.16935420036315918
2026-04-08 05:45:00+00:00,0.17012841999530792
2026-04-08 06:00:00+00:00,0.17055484652519226
2026-04-08 06:15:00+00:00,0.17096993327140808
2026-04-08 06:30:00+00:00,0.17080143094062805
2026-04-08 06:45:00+00:00,0.17047782242298126
2026-04-08 07:00:00+00:00,0.1709386110305786
2026-04-08 07:15:00+00:00,0.17049258947372437
2026-04-08 07:30:00+00:00,0.17014183104038239
2026-04-08 07:45:00+00:00,0.1706167608499527
2026-04-08 08:00:00+00:00,0.1695592850446701
2026-04-08 08:15:00+00:00,0.1697259396314621
2026-04-08 08:30:00+00:00,0.16929841041564941
2026-04-08 08:45:00+00:00,0.1694422960281372
2026-04-08 09:00:00+00:00,0.16954033076763153
2026-04-08 09:15:00+00:00,0.16935226321220398
2026-04-08 09:30:00+00:00,0.16888999938964844
2026-04-08 09:45:00+00:00,0.16928181052207947
2026-04-08 10:00:00+00:00,0.16954512894153595
2026-04-08 10:15:00+00:00,0.1694241762161255
2026-04-08 10:30:00+00:00,0.16844898462295532
2026-04-08 10:45:00+00:00,0.16804270446300507
2026-04-08 11:00:00+00:00,0.16747476160526276
2026-04-08 11:15:00+00:00,0.16693884134292603
2026-04-08 11:30:00+00:00,0.16589778661727905
2026-04-08 11:45:00+00:00,0.16665694117546082
2026-04-08 12:00:00+00:00,0.16642850637435913
2026-04-08 12:15:00+00:00,0.16645638644695282
2026-04-08 12:30:00+00:00,0.16637825965881348
2026-04-08 12:45:00+00:00,0.16668502986431122
2026-04-08 13:00:00+00:00,0.16762329638004303
2026-04-08 13:15:00+00:00,0.16752687096595764
2026-04-08 13:30:00+00:00,0.16729284822940826
2026-04-08 13:45:00+00:00,0.16719692945480347
2026-04-08 14:00:00+00:00,0.16702806949615479
2026-04-08 14:15:00+00:00,0.16653724014759064
2026-04-08 14:30:00+00:00,0.16490130126476288
2026-04-08 14:45:00+00:00,0.1636989712715149
2026-04-08 15:00:00+00:00,0.1641068458557129
2026-04-08 15:15:00+00:00,0.1650039106607437
2026-04-08 15:30:00+00:00,0.16450272500514984
2026-04-08 15:45:00+00:00,0.16507993638515472
2026-04-08 16:00:00+00:00,0.1654801219701767
2026-04-08 16:15:00+00:00,0.16531671583652496
2026-04-08 16:30:00+00:00,0.1651916354894638
2026-04-08 16:45:00+00:00,0.16576597094535828
2026-04-08 17:00:00+00:00,0.16728278994560242
2026-04-08 17:15:00+00:00,0.16698047518730164
2026-04-08 17:30:00+00:00,0.167183518409729
2026-04-08 17:45:00+00:00,0.1673816591501236
2026-04-08 18:00:00+00:00,0.16723570227622986
2026-04-08 18:15:00+00:00,0.16580671072006226
2026-04-08 18:30:00+00:00,0.1654055267572403
2026-04-08 18:45:00+00:00,0.16463471949100494
2026-04-08 19:00:00+00:00,0.16486550867557526
2026-04-08 19:15:00+00:00,0.16440516710281372
2026-04-08 19:30:00+00:00,0.16422349214553833
2026-04-08 19:45:00+00:00,0.16426710784435272
2026-04-08 20:00:00+00:00,0.16459573805332184
2026-04-08 20:15:00+00:00,0.16447049379348755
2026-04-08 20:30:00+00:00,0.16381080448627472
2026-04-08 20:45:00+00:00,0.16393747925758362
2026-04-08 21:00:00+00:00,0.1642320454120636
2026-04-08 21:15:00+00:00,0.1649717539548874
2026-04-08 21:30:00+00:00,0.1649278998374939
2026-04-08 21:45:00+00:00,0.16480650007724762
2026-04-08 22:00:00+00:00,0.1640116274356842
2026-04-08 22:15:00+00:00,0.16279272735118866
2026-04-08 22:30:00+00:00,0.16309429705142975
2026-04-08 22:45:00+00:00,0.16225913166999817
2026-04-08 23:00:00+00:00,0.16024696826934814
2026-04-08 23:15:00+00:00,0.1599980592727661
2026-04-08 23:30:00+00:00,0.15964318811893463
2026-04-08 23:45:00+00:00,0.15958015620708466
2026-04-09 00:00:00+00:00,0.15889720618724823
2026-04-09 00:15:00+00:00,0.1585332602262497
2026-04-09 00:30:00+00:00,0.1578197479248047
2026-04-09 00:45:00+00:00,0.15822122991085052
2026-04-09 01:00:00+00:00,0.15811973810195923
2026-04-09 01:15:00+00:00,0.15831629931926727
2026-04-09 01:30:00+00:00,0.15856565535068512
2026-04-09 01:45:00+00:00,0.15871991217136383
